/petrogeo/home/emmanuel/Área de trabalho/diffseis/src/diffusion.py:453: FutureWarning: `torch.cuda.amp.GradScaler(args...)` is deprecated. Please use `torch.amp.GradScaler('cuda', args...)` instead.
  self.scaler = GradScaler(enabled = amp)
/petrogeo/home/emmanuel/Área de trabalho/diffseis/src/diffusion.py:496: FutureWarning: `torch.cuda.amp.autocast(args...)` is deprecated. Please use `torch.amp.autocast('cuda', args...)` instead.
  with autocast(enabled = self.amp):
0: 0.9964983463287354
0: 1.0087977647781372
1: 0.9176807999610901
1: 0.9755734801292419
2: 1.0238924026489258
2: 0.825158953666687
3: 0.766449511051178
3: 0.792466402053833
4: 0.705281138420105
4: 0.780939519405365
5: 0.6446691751480103
5: 0.644729733467102
6: 0.6001638770103455
6: 0.5975652933120728
7: 0.5539646744728088
7: 0.5499566793441772
8: 0.5148876905441284
8: 0.5129314661026001
9: 0.4754451513290405
9: 0.5405105352401733
10: 0.5346298217773438
10: 0.44318801164627075
11: 0.40469712018966675
11: 0.40838322043418884
12: 0.37713271379470825
12: 0.3810604214668274
13: 0.4152441620826721
13: 0.5462888479232788
14: 0.3323119282722473
14: 0.5995448231697083
15: 0.3012419044971466
15: 0.8253065943717957
16: 0.31690409779548645
16: 0.3847871720790863
17: 0.2705978453159332
17: 0.2953704595565796
18: 0.25254493951797485
18: 0.2541038990020752
19: 0.8717930316925049
19: 0.23597240447998047
20: 0.7599318623542786
20: 0.33579742908477783
21: 0.21158775687217712
21: 0.208100825548172
22: 0.19848456978797913
22: 0.198409304022789
23: 0.1834709644317627
23: 0.18737907707691193
24: 0.1727038472890854
24: 0.1748800426721573
25: 0.16265958547592163
25: 0.15929418802261353
26: 0.6235829591751099
26: 0.15761205554008484
27: 0.14309078454971313
27: 0.15662415325641632
28: 0.18893542885780334
28: 0.1358109712600708
29: 0.15139779448509216
29: 0.326998770236969
30: 0.12087942659854889
30: 0.11927076429128647
31: 0.31654834747314453
31: 0.11409340798854828
32: 0.10633476078510284
32: 0.1075081080198288
33: 0.6798620820045471
33: 0.9394818544387817
34: 0.4384797513484955
34: 0.09857428073883057
35: 0.10547547787427902
35: 0.09273752570152283
36: 0.08930852264165878
36: 0.18774107098579407
37: 0.08754996210336685
37: 0.1124611347913742
38: 0.11359911412000656
38: 0.08140835911035538
39: 0.07760030031204224
39: 0.08751507103443146
40: 0.07639145851135254
40: 0.11671116948127747
41: 0.07292579859495163
41: 0.5399421453475952
42: 0.07144225388765335
42: 0.0888032466173172
43: 0.06830644607543945
43: 0.0761357843875885
44: 0.14958888292312622
44: 0.06754735857248306
45: 0.41896989941596985
45: 0.13372009992599487
46: 0.06757906079292297
46: 0.06277498602867126
47: 0.13679572939872742
47: 0.06095321476459503
48: 0.06860211491584778
48: 0.06179672107100487
49: 0.060109443962574005
49: 0.0591079443693161
50: 0.05848703533411026
50: 0.058091215789318085
51: 0.06317324936389923
51: 0.08391550183296204
52: 0.056492555886507034
52: 0.0781632661819458
53: 0.055829644203186035
53: 0.4335901439189911
54: 0.056503500789403915
54: 0.055722251534461975
55: 0.05474364385008812
55: 0.05385199934244156
56: 0.05842190980911255
56: 0.053287338465452194
57: 0.05285325646400452
57: 0.052727676928043365
58: 0.057890407741069794
58: 0.05083279311656952
59: 0.051342472434043884
59: 0.05060297250747681
60: 0.056702591478824615
60: 0.049200039356946945
61: 0.06121253967285156
61: 0.10773926228284836
62: 0.04802071303129196
62: 0.04755527153611183
63: 0.08235897868871689
63: 0.15232476592063904
64: 0.04737421125173569
64: 0.05765025317668915
65: 0.0509340763092041
65: 0.054027386009693146
66: 0.0467398464679718
66: 0.04704318195581436
67: 0.04557739570736885
67: 0.04577191546559334
68: 0.0458948090672493
68: 0.05083424597978592
69: 0.08251118659973145
69: 0.044376689940690994
70: 0.8743854761123657
70: 0.06595803797245026
71: 0.04413311555981636
71: 0.06251592934131622
72: 0.04560564458370209
72: 0.10703304409980774
73: 0.042684927582740784
73: 0.05425579845905304
74: 0.04342493414878845
74: 0.04368957132101059
75: 0.041602715849876404
75: 0.042363960295915604
76: 0.0420115627348423
76: 0.04249154403805733
77: 0.04089135676622391
77: 0.04161062836647034
78: 0.04080270603299141
78: 0.14603638648986816
79: 0.04109440743923187
79: 0.04160485044121742
80: 0.04150238260626793
80: 0.044696737080812454
81: 0.039676692336797714
81: 0.03938478231430054
82: 0.07629512250423431
82: 0.039833538234233856
83: 0.03978143632411957
83: 0.04000253602862358
84: 0.04087136685848236
84: 0.04916147515177727
85: 0.04786285385489464
85: 0.03829251974821091
86: 0.038038622587919235
86: 0.03835243731737137
87: 0.03717493638396263
87: 0.44884732365608215
88: 0.03758016228675842
88: 0.03771250694990158
89: 0.0372416228055954
89: 0.03672638535499573
90: 0.03684268146753311
90: 0.03610178455710411
91: 0.037410587072372437
91: 0.03772544115781784
92: 0.03993995487689972
92: 0.063972108066082
93: 0.03624095395207405
93: 0.03661537542939186
94: 0.05248253047466278
94: 0.03653009235858917
95: 0.03537614271044731
95: 0.05193942040205002
96: 0.05065210536122322
96: 0.03449326008558273
97: 0.03564651310443878
97: 0.39403843879699707
98: 0.20613917708396912
98: 0.03430446982383728
99: 0.035485826432704926
99: 0.3085864186286926
100: 0.03815402090549469
100: 0.03625788167119026
101: 0.04625251144170761
101: 0.039441995322704315
102: 0.03635551035404205
102: 0.03568559139966965
103: 0.03989370912313461
103: 0.03669089078903198
104: 0.03611956536769867
104: 0.05729096010327339
105: 0.036917634308338165
105: 0.03584730625152588
106: 0.0354093536734581
106: 0.03564582020044327
107: 0.033980146050453186
107: 0.10494428873062134
108: 0.03528708964586258
108: 0.034956302493810654
109: 0.7347098588943481
109: 0.43062835931777954
110: 0.04728397727012634
110: 0.04631341993808746
111: 0.03943357616662979
111: 0.5001398921012878
112: 0.03485194966197014
112: 0.07032260298728943
113: 0.15415126085281372
113: 0.05990797281265259
114: 0.03579176962375641
114: 0.18337494134902954
115: 0.036413684487342834
115: 0.0371524952352047
116: 0.036799296736717224
116: 0.03644305467605591
117: 0.03759383037686348
117: 0.03614276275038719
118: 0.03690414875745773
118: 0.04124736785888672
119: 0.03589784353971481
119: 0.03740011900663376
120: 0.04053190350532532
120: 0.03526448458433151
121: 0.03550499305129051
121: 0.03472542762756348
122: 0.0344349630177021
122: 0.034517716616392136
123: 0.0347025990486145
123: 0.03370203077793121
124: 0.033267222344875336
124: 0.08065463602542877
125: 0.03609909489750862
125: 0.03371486812829971
126: 0.033536091446876526
126: 0.032926931977272034
127: 0.03223150968551636
127: 0.05324876308441162
128: 0.03219974786043167
128: 0.034782156348228455
129: 0.03140425682067871
129: 0.0330987423658371
130: 0.03252558410167694
130: 0.030792085453867912
131: 0.03225050866603851
131: 0.03146626800298691
132: 0.03180385008454323
132: 0.04285459592938423
133: 0.03081567957997322
133: 0.03090951405465603
134: 0.03872227668762207
134: 0.030623208731412888
135: 0.031108565628528595
135: 0.03012898378074169
136: 0.03039265051484108
136: 0.02946332097053528
137: 0.029867716133594513
137: 0.029265549033880234
138: 0.2547590434551239
138: 0.030258243903517723
139: 0.028824366629123688
139: 0.05803830921649933
140: 0.028415758162736893
140: 0.028616271913051605
141: 0.04739997908473015
141: 0.03054172545671463
142: 0.0293070487678051
142: 0.02846989594399929
143: 0.02863967791199684
143: 0.029797393828630447
144: 0.02860756404697895
144: 0.06582723557949066
145: 0.0842510387301445
145: 0.029264312237501144
146: 0.028718631714582443
146: 0.05853588134050369
147: 0.029376622289419174
147: 0.02899467945098877
148: 0.028317846357822418
148: 0.02923765778541565
149: 0.03233425319194794
149: 0.04029415547847748
150: 0.028537457808852196
150: 0.07676275074481964
151: 0.04865749925374985
151: 0.02832740731537342
152: 0.0285370834171772
152: 0.02811185084283352
153: 0.02914920635521412
153: 0.02860361337661743
154: 0.02936176210641861
154: 0.027293119579553604
155: 0.02767264097929001
155: 0.027745990082621574
156: 0.027733689174056053
156: 0.027612492442131042
157: 0.029852405190467834
157: 0.04000895097851753
158: 0.028644045814871788
158: 0.034819841384887695
159: 0.045066140592098236
159: 0.06101873144507408
160: 0.045200929045677185
160: 0.02627572789788246
161: 0.05846483260393143
161: 0.026747506111860275
162: 0.031549256294965744
162: 0.05643591284751892
163: 0.024926047772169113
163: 0.02607942558825016
164: 0.06556269526481628
164: 0.033660322427749634
165: 0.0454806387424469
165: 0.02723090350627899
166: 0.030247412621974945
166: 0.04947459697723389
167: 0.02733450196683407
167: 0.026095731183886528
168: 0.026187743991613388
168: 0.025657638907432556
169: 0.02754312753677368
169: 0.027196016162633896
170: 0.1364538073539734
170: 0.039771370589733124
171: 0.025155561044812202
171: 0.026022374629974365
172: 0.03530105575919151
172: 0.0391792394220829
173: 0.02624758891761303
173: 0.02661774307489395
174: 0.02657526731491089
174: 0.0313667356967926
175: 0.026327872648835182
175: 0.025030381977558136
176: 0.027191177010536194
176: 0.026150669902563095
177: 0.18538782000541687
177: 0.03947325795888901
178: 0.02571241557598114
178: 0.02471970021724701
179: 0.024675119668245316
179: 0.02449101209640503
180: 0.030231263488531113
180: 0.035766929388046265
181: 0.024737894535064697
181: 0.02458888292312622
182: 0.031050976365804672
182: 0.02364501543343067
183: 0.026818566024303436
183: 0.03269057348370552
184: 0.023565061390399933
184: 0.024367816746234894
185: 0.023332729935646057
185: 0.02887490764260292
186: 0.03791218250989914
186: 0.16232891380786896
187: 0.11245080828666687
187: 0.5066799521446228
188: 0.2143886685371399
188: 0.051855869591236115
189: 0.026298770681023598
189: 0.025607464835047722
190: 0.041819505393505096
190: 0.02609487995505333
191: 0.03113640286028385
191: 0.1612340211868286
192: 0.02817491441965103
192: 0.027913875877857208
193: 0.03038473054766655
193: 0.027076998725533485
194: 0.026713348925113678
194: 0.028409410268068314
195: 0.02943580597639084
195: 0.026413407176733017
196: 0.1732928305864334
196: 0.026687979698181152
197: 0.02699032612144947
197: 0.088091641664505
198: 0.02719290181994438
198: 0.04593057185411453
199: 0.02532537654042244
199: 0.02555098757147789
200: 0.025335196405649185
200: 0.02557249367237091
201: 0.034611355513334274
201: 0.024472245946526527
202: 0.02448631078004837
202: 0.024690616875886917
203: 0.02442757971584797
203: 0.024248700588941574
204: 0.024417640641331673
204: 0.024357464164495468
205: 0.023814965039491653
205: 0.023867864161729813
206: 0.02344783954322338
206: 0.024122707545757294
207: 0.023361725732684135
207: 0.022260494530200958
208: 0.023108337074518204
208: 0.022559987381100655
209: 0.022524762898683548
209: 0.023243319243192673
210: 0.02354005165398121
210: 0.041744500398635864
211: 0.028634944930672646
211: 0.022521883249282837
212: 0.02194632589817047
212: 0.21401068568229675
213: 0.022259321063756943
213: 0.06813213229179382
214: 0.022281482815742493
214: 0.021822916343808174
215: 0.022490866482257843
215: 0.02218770980834961
216: 0.029002344235777855
216: 0.021683454513549805
217: 0.025580506771802902
217: 0.022415291517972946
218: 0.045001186430454254
218: 0.03818601742386818
219: 0.02196136862039566
219: 0.12323631346225739
220: 0.022334745153784752
220: 0.02671944350004196
221: 0.023431336507201195
221: 0.02146788127720356
222: 0.021034013479948044
222: 0.0750674307346344
223: 0.021629493683576584
223: 0.021260909736156464
224: 0.020916149020195007
224: 0.021413899958133698
225: 0.047320831567049026
225: 0.02173811011016369
226: 0.021076524630188942
226: 0.029386116191744804
227: 0.0681687593460083
227: 0.02049800008535385
228: 0.04191143810749054
228: 0.020360060036182404
229: 0.022041190415620804
229: 0.020756009966135025
230: 0.061484046280384064
230: 0.020983349531888962
231: 0.0204720888286829
231: 0.020757868885993958
232: 0.02088075317442417
232: 0.02015063725411892
233: 0.021242190152406693
233: 0.021110136061906815
234: 0.020522605627775192
234: 0.0287440475076437
235: 0.029935713857412338
235: 0.025052931159734726
236: 0.10582223534584045
236: 0.020460201427340508
237: 0.020632628351449966
237: 0.020229415968060493
238: 0.038590848445892334
238: 0.019755054265260696
239: 0.020653780549764633
239: 0.019088909029960632
240: 0.042793069034814835
240: 0.03698987141251564
241: 0.019439145922660828
241: 0.020744021981954575
242: 0.01947360672056675
242: 0.020017899572849274
243: 0.01894013211131096
243: 0.019779056310653687
244: 0.019516807049512863
244: 0.021704137325286865
245: 0.021652527153491974
245: 0.020106691867113113
246: 0.08222497254610062
246: 0.018495317548513412
247: 0.01916041597723961
247: 0.023110106587409973
248: 0.018704567104578018
248: 0.022779228165745735
249: 0.01869138889014721
249: 0.01928379386663437
250: 0.018930619582533836
250: 0.018722856417298317
251: 0.043468818068504333
251: 0.018690288066864014
252: 0.018785007297992706
252: 0.018888160586357117
253: 0.018778687343001366
253: 0.018534958362579346
254: 0.02710718661546707
254: 0.06507325172424316
255: 0.09221803396940231
255: 0.018408875912427902
256: 0.018701063469052315
256: 0.02593788504600525
257: 0.019000783562660217
257: 0.025841355323791504
258: 0.017756089568138123
258: 0.018756836652755737
259: 0.01797977089881897
259: 0.05003683269023895
260: 0.017888903617858887
260: 0.018036874011158943
261: 0.02013617381453514
261: 0.018137477338314056
262: 0.017753789201378822
262: 0.6970261931419373
263: 0.017238494008779526
263: 0.024225646629929543
264: 0.017716549336910248
264: 0.07240648567676544
265: 0.017269130796194077
265: 0.018227271735668182
266: 0.01776662841439247
266: 0.0171600803732872
267: 0.05207419395446777
267: 0.01772136613726616
268: 0.017146049067378044
268: 0.5267994403839111
269: 0.017580658197402954
269: 0.01746360957622528
270: 0.019259372726082802
270: 0.01780848018825054
271: 0.017660826444625854
271: 0.03064730390906334
272: 0.017610691487789154
272: 0.022333156317472458
273: 0.03548434004187584
273: 0.01801201142370701
274: 0.03198215365409851
274: 0.017599770799279213
275: 0.017245816066861153
275: 0.08307451009750366
276: 0.017501508817076683
276: 0.016988033428788185
277: 0.03138778358697891
277: 0.017302248626947403
278: 0.01677216961979866
278: 0.01740030199289322
279: 0.02267342060804367
279: 0.10157572478055954
280: 0.016970383003354073
280: 0.01681412011384964
281: 0.018195554614067078
281: 0.01713559404015541
282: 0.01665860041975975
282: 0.017247337847948074
283: 0.01644156500697136
283: 0.01626010239124298
284: 0.016129229217767715
284: 0.01738162711262703
285: 0.03587467223405838
285: 0.01649736985564232
286: 0.07251733541488647
286: 0.114906445145607
287: 0.017350507900118828
287: 0.017205864191055298
288: 0.0261602234095335
288: 0.019213223829865456
289: 0.01652492955327034
289: 0.017532793805003166
290: 0.016485007479786873
290: 0.016567610204219818
291: 0.01718628592789173
291: 0.016753537580370903
292: 0.016475986689329147
292: 0.03907981514930725
293: 0.016606684774160385
293: 0.016208581626415253
294: 0.016639113426208496
294: 0.030835233628749847
295: 0.06564076244831085
295: 0.01668957993388176
296: 0.01675170287489891
296: 0.016885191202163696
297: 0.0163292046636343
297: 0.016252461820840836
298: 0.016138281673192978
298: 0.016093647107481956
299: 0.015719598159193993
299: 0.016373615711927414
300: 0.15885835886001587
300: 0.016841717064380646
301: 0.8011899590492249
301: 0.017027094960212708
302: 0.015246327966451645
302: 0.07768122851848602
303: 0.015603309497237206
303: 0.016309190541505814
304: 0.01564483344554901
304: 0.0301936287432909
305: 0.01561015471816063
305: 0.024248965084552765
306: 0.3188070058822632
306: 0.01635007932782173
307: 0.015479585155844688
307: 0.06978920102119446
308: 0.016040433198213577
308: 0.016053680330514908
309: 0.5835546255111694
309: 0.032588712871074677
310: 0.053292687982320786
310: 0.01570892706513405
311: 0.102663055062294
311: 0.037754420191049576
312: 0.016799824312329292
312: 0.01814337447285652
313: 0.01668405532836914
313: 0.016270898282527924
314: 0.016622871160507202
314: 0.01632540673017502
315: 0.037101130932569504
315: 0.015868261456489563
316: 0.08902281522750854
316: 0.015781797468662262
317: 0.016279464587569237
317: 0.01837986335158348
318: 0.01615043543279171
318: 0.01703183352947235
319: 0.023338977247476578
319: 0.0199301578104496
320: 0.029199566692113876
320: 0.015316360630095005
321: 0.01664390042424202
321: 0.018532000482082367
322: 0.024563755840063095
322: 0.025581371039152145
323: 0.015690818428993225
323: 0.01999092847108841
324: 0.016576696187257767
324: 0.015331569127738476
325: 0.015443554148077965
325: 0.016069211065769196
326: 0.015610698610544205
326: 0.04401300847530365
327: 0.022737441584467888
327: 0.059040188789367676
328: 0.015249685384333134
328: 0.015351747162640095
329: 0.01556701771914959
329: 0.0232556089758873
330: 0.015995001420378685
330: 0.01611332595348358
331: 0.027248233556747437
331: 0.014900374226272106
332: 0.020733587443828583
332: 0.040099747478961945
333: 0.01764848455786705
333: 0.01542998943477869
334: 0.36695361137390137
334: 0.014930403791368008
335: 0.034138165414333344
335: 0.015305140055716038
336: 0.01483769528567791
336: 0.015479117631912231
337: 0.04726196825504303
337: 0.016219157725572586
338: 0.01955585926771164
338: 0.3836401402950287
339: 0.050107263028621674
339: 0.021068546921014786
340: 0.2606262266635895
340: 0.01699458435177803
341: 0.02281051315367222
341: 0.01612028479576111
342: 0.016414135694503784
342: 0.015298874117434025
343: 0.9000434875488281
343: 0.029737725853919983
344: 0.015304931439459324
344: 0.016168178990483284
345: 0.017303939908742905
345: 0.017793457955121994
346: 0.018808048218488693
346: 0.01908891648054123
347: 0.018217207863926888
347: 0.018355410546064377
348: 0.017248697578907013
348: 0.0349363312125206
349: 0.017461661249399185
349: 0.017531754449009895
350: 0.06133304536342621
350: 0.018314223736524582
351: 0.01872943341732025
351: 0.019055232405662537
352: 0.01771293580532074
352: 0.018415268510580063
353: 0.028957147151231766
353: 0.015709493309259415
354: 0.062010250985622406
354: 0.015819547697901726
355: 0.015506040304899216
355: 0.04045489430427551
356: 0.022448141127824783
356: 0.0168969314545393
357: 0.040051061660051346
357: 0.04365317150950432
358: 0.017053542658686638
358: 0.015358619391918182
359: 0.02182776853442192
359: 0.0167684406042099
360: 0.016021767631173134
360: 0.016766559332609177
361: 0.016428403556346893
361: 0.016824519261717796
362: 0.014782489277422428
362: 0.014723878353834152
363: 0.029376070946455002
363: 0.018430616706609726
364: 0.049864694476127625
364: 0.020558232441544533
365: 0.01543550007045269
365: 0.055857107043266296
366: 0.019033821299672127
366: 0.017463868483901024
367: 0.01608791947364807
367: 0.015371656976640224
368: 0.016907062381505966
368: 0.01599005237221718
369: 0.0162917859852314
369: 0.014862868934869766
370: 0.015427922829985619
370: 0.014461682178080082
371: 0.015140709467232227
371: 0.014054747298359871
372: 0.014464032836258411
372: 0.02184317633509636
373: 0.014096190221607685
373: 0.07390029728412628
374: 0.014679313637316227
374: 0.05630166083574295
375: 0.014085911214351654
375: 0.19653479754924774
376: 0.08475001901388168
376: 0.054267339408397675
377: 0.02911170944571495
377: 0.016194038093090057
378: 0.016637571156024933
378: 0.016879109665751457
379: 0.016797931864857674
379: 0.08640192449092865
380: 0.0238996222615242
380: 0.02062903344631195
381: 0.016431447118520737
381: 0.02494804561138153
382: 0.07004030048847198
382: 0.033797845244407654
383: 0.014993725344538689
383: 0.03722770884633064
384: 0.018002958968281746
384: 0.01562671735882759
385: 0.05067974328994751
385: 0.014623369090259075
386: 0.015512421727180481
386: 0.014071792364120483
387: 0.015027251094579697
387: 0.013809566386044025
388: 0.014050418511033058
388: 0.014168710447847843
389: 0.01418937649577856
389: 0.033539220690727234
390: 0.013629304245114326
390: 0.013637030497193336
391: 0.013180945068597794
391: 0.014616614207625389
392: 0.013704035431146622
392: 0.02151445671916008
393: 0.01325584389269352
393: 0.01328151673078537
394: 0.02205459028482437
394: 0.01816844567656517
395: 0.014169054105877876
395: 0.013726478442549706
396: 0.020878959447145462
396: 0.013024881482124329
397: 0.02010006085038185
397: 0.012526875361800194
398: 0.025784367695450783
398: 0.021034667268395424
399: 0.013658782467246056
399: 0.01903318054974079
400: 0.013908064924180508
400: 0.01422363705933094
401: 0.014292621985077858
401: 0.7359378337860107
402: 0.024115845561027527
402: 0.023467302322387695
403: 0.01346125453710556
403: 0.037789132446050644
404: 0.014407983049750328
404: 0.02476533129811287
405: 0.0488649345934391
405: 0.013507678173482418
406: 0.013756927102804184
406: 0.014424661174416542
407: 0.01320720836520195
407: 0.012532129883766174
408: 0.9858864545822144
408: 0.012875638902187347
409: 0.013463684357702732
409: 0.023348817601799965
410: 0.15297719836235046
410: 0.013495121151208878
411: 0.01585976406931877
411: 0.017453525215387344
412: 0.013089769519865513
412: 0.012953508645296097
413: 0.036394983530044556
413: 0.012651234865188599
414: 0.0143500417470932
414: 0.012770453467965126
415: 0.012545005418360233
415: 0.012965956702828407
416: 0.16265377402305603
416: 0.034864071756601334
417: 0.012914318591356277
417: 0.014690209180116653
418: 0.025026628747582436
418: 0.03580132871866226
419: 0.021454032510519028
419: 0.013421803712844849
420: 0.02555961161851883
420: 0.022930603474378586
421: 0.012307025492191315
421: 0.013854898512363434
422: 0.013295775279402733
422: 0.03936877101659775
423: 0.013812805525958538
423: 0.01292647048830986
424: 0.09510445594787598
424: 0.013993899337947369
425: 0.013508101925253868
425: 0.04464960843324661
426: 0.013695874251425266
426: 0.012252017855644226
427: 0.07675158232450485
427: 0.012902647256851196
428: 0.13748672604560852
428: 0.012172391638159752
429: 0.017824627459049225
429: 0.01369556225836277
430: 0.020188968628644943
430: 0.9721127152442932
431: 0.024055486544966698
431: 0.013134712353348732
432: 0.013044055551290512
432: 0.013940108940005302
433: 0.01295287162065506
433: 0.018741756677627563
434: 0.013029487803578377
434: 0.02957899682223797
435: 0.011986428871750832
435: 0.012768469750881195
436: 0.01208488829433918
436: 0.01264058519154787
437: 0.011981319636106491
437: 0.0273745059967041
438: 0.012885654345154762
438: 0.012471727095544338
439: 0.03438489884138107
439: 0.013231413438916206
440: 0.019482851028442383
440: 0.011709373444318771
441: 0.012444619089365005
441: 0.02706260047852993
442: 0.01383949350565672
442: 0.012310298159718513
443: 0.012727518565952778
443: 0.012541914358735085
444: 0.012985278852283955
444: 0.011671090498566628
445: 0.015397520735859871
445: 0.01250774972140789
446: 0.01143281627446413
446: 0.19153383374214172
447: 0.011908761225640774
447: 0.012686679139733315
448: 0.014731477946043015
448: 0.012118460610508919
449: 0.01144422497600317
449: 0.011104542762041092
450: 0.06325837224721909
450: 0.011944236233830452
451: 0.01161134336143732
451: 0.011716663837432861
452: 0.018250975757837296
452: 0.012736989185214043
453: 0.011660735122859478
453: 0.011303923092782497
454: 0.011597189120948315
454: 0.027227848768234253
455: 0.03206431120634079
455: 0.010928970761597157
456: 0.011326558887958527
456: 0.01067673321813345
457: 0.020109472796320915
457: 0.03968958556652069
458: 0.010741567239165306
458: 0.011499080806970596
459: 0.010756337083876133
459: 0.010883592069149017
460: 0.011849034577608109
460: 0.010860692709684372
461: 0.010766376741230488
461: 0.06428630650043488
462: 0.01140381209552288
462: 0.011059936136007309
463: 0.012164154089987278
463: 0.07106366753578186
464: 0.01095910370349884
464: 0.010787180624902248
465: 0.0117950439453125
465: 0.017759358510375023
466: 0.011006616987287998
466: 0.011002535931766033
467: 0.0104454904794693
467: 0.010602965019643307
468: 0.015622402541339397
468: 0.010225892066955566
469: 0.010673319920897484
469: 0.0497664175927639
470: 0.01068802084773779
470: 0.01145454403012991
471: 0.010473588481545448
471: 0.011499447748064995
472: 0.010423632338643074
472: 0.010224364697933197
473: 0.011725087650120258
473: 0.010809293016791344
474: 0.04596162959933281
474: 0.011290923692286015
475: 0.009998305700719357
475: 0.029827214777469635
476: 0.010202981531620026
476: 0.013857832178473473
477: 0.01067349873483181
477: 0.011459018103778362
478: 0.015488501638174057
478: 0.013500615954399109
479: 0.020080428570508957
479: 0.010467142798006535
480: 0.8006479144096375
480: 0.04967064410448074
481: 0.010160102508962154
481: 0.010820547118782997
482: 0.023769956082105637
482: 0.01132863201200962
483: 0.013593509793281555
483: 0.05267894268035889
484: 0.026757314801216125
484: 0.01140530500560999
485: 0.03312130272388458
485: 0.011251292191445827
486: 0.013031086884438992
486: 0.011127814650535583
487: 0.010391784831881523
487: 0.011363495141267776
488: 0.011076675727963448
488: 0.049304746091365814
489: 0.01390577107667923
489: 0.023257434368133545
490: 0.010412899777293205
490: 0.047655459493398666
491: 0.010489686392247677
491: 0.014412760734558105
492: 0.022730303928256035
492: 0.010805115103721619
493: 0.010477032512426376
493: 0.015873759984970093
494: 0.01868867315351963
494: 0.010071410797536373
495: 0.010451147332787514
495: 0.009917089715600014
496: 0.010867822915315628
496: 0.010187266394495964
497: 0.026438023895025253
497: 0.012980110943317413
498: 0.018710501492023468
498: 0.011453647166490555
499: 0.01191755011677742
499: 0.011392060667276382
500: 0.010996107012033463
500: 0.03484547883272171
501: 0.04002700746059418
501: 0.010806608013808727
502: 0.03879784047603607
502: 0.010747445747256279
503: 0.016025744378566742
503: 0.01566700078547001
504: 0.02713310346007347
504: 0.010393072851002216
505: 0.09850180894136429
505: 0.010377099737524986
506: 0.010641062632203102
506: 0.009676337242126465
507: 0.012264800257980824
507: 0.010170310735702515
508: 0.10233135521411896
508: 0.0180385522544384
509: 0.015238000079989433
509: 0.012205351144075394
510: 0.010962050408124924
510: 0.01042737066745758
511: 0.009988896548748016
511: 0.01878237910568714
512: 0.030489688739180565
512: 0.015990976244211197
513: 0.25832584500312805
513: 0.009667884558439255
514: 0.03002116084098816
514: 0.009998243302106857
515: 0.010440407320857048
515: 0.010258408263325691
516: 0.07714040577411652
516: 0.011598448269069195
517: 0.009845909662544727
517: 0.01256833877414465
518: 0.011116709560155869
518: 0.010505668818950653
519: 0.010135989636182785
519: 0.02486998215317726
520: 0.010949121788144112
520: 0.010467255488038063
521: 0.00963927898555994
521: 0.010226935148239136
522: 0.009427695535123348
522: 0.015038004145026207
523: 0.010089656338095665
523: 0.0774691179394722
524: 0.009309526532888412
524: 0.27972808480262756
525: 0.04800652712583542
525: 0.009257077239453793
526: 0.010527608916163445
526: 0.009737851098179817
527: 0.009749181568622589
527: 0.046307921409606934
528: 0.009422283619642258
528: 0.009719688445329666
529: 0.009366948157548904
529: 0.009998014196753502
530: 0.010047455318272114
530: 0.017684118822216988
531: 0.016229845583438873
531: 0.009175105020403862
532: 0.009640383534133434
532: 0.010171761736273766
533: 0.009002658538520336
533: 0.009072627872228622
534: 0.00930425152182579
534: 0.009218857623636723
535: 0.009108580648899078
535: 0.009685449302196503
536: 0.024112336337566376
536: 0.009421056136488914
537: 0.02068229764699936
537: 0.009035713039338589
538: 0.009733172133564949
538: 0.011113451793789864
539: 0.009572222828865051
539: 0.008855707943439484
540: 0.02277207374572754
540: 0.008926228620111942
541: 0.00982285849750042
541: 0.009590070694684982
542: 0.03884052485227585
542: 0.009269803762435913
543: 0.009414669126272202
543: 0.027453061193227768
544: 0.008897073566913605
544: 0.027906648814678192
545: 0.00898762047290802
545: 0.025799982249736786
546: 0.009039316326379776
546: 0.010043902322649956
547: 0.00941414013504982
547: 0.009139467030763626
548: 0.01073390431702137
548: 0.008931031450629234
549: 0.8530175685882568
549: 0.009403028525412083
550: 0.009998214431107044
550: 0.01118716225028038
551: 0.011760642752051353
551: 0.019945763051509857
552: 0.010013377293944359
552: 0.00943041406571865
553: 0.009471951052546501
553: 0.016783710569143295
554: 0.009610839188098907
554: 0.009856533259153366
555: 0.012312120757997036
555: 0.0151889743283391
556: 0.023947201669216156
556: 0.017803963273763657
557: 0.02374737337231636
557: 0.015331458300352097
558: 0.018531061708927155
558: 0.023571699857711792
559: 0.013095151633024216
559: 0.0915030688047409
560: 0.012665796093642712
560: 0.02185085229575634
561: 0.01131658535450697
561: 0.010608193464577198
562: 0.01000251155346632
562: 0.010924562811851501
563: 0.010830476880073547
563: 0.009390231221914291
564: 0.009190438315272331
564: 0.020280301570892334
565: 0.01370341144502163
565: 0.017410600557923317
566: 0.04597693681716919
566: 0.01851014792919159
567: 0.00900225155055523
567: 0.009066181257367134
568: 0.00940827839076519
568: 0.013864985667169094
569: 0.016622938215732574
569: 0.042991891503334045
570: 0.0170148815959692
570: 0.009781553409993649
571: 0.01486501470208168
571: 0.01463381852954626
572: 0.034071676433086395
572: 0.6732783317565918
573: 0.012488242238759995
573: 0.009222032502293587
574: 0.009734001010656357
574: 0.01092265360057354
575: 0.12952527403831482
575: 0.009305277839303017
576: 0.010654907673597336
576: 0.010216421447694302
577: 0.010212792083621025
577: 0.01601834036409855
578: 0.013449487276375294
578: 0.010137329809367657
579: 0.02132999151945114
579: 0.009621886536478996
580: 0.01665857806801796
580: 0.009210645221173763
581: 0.010522639378905296
581: 0.012348082847893238
582: 0.009440917521715164
582: 0.008909587748348713
583: 0.009807403199374676
583: 0.014080709777772427
584: 0.009554977528750896
584: 0.00922396034002304
585: 0.009137142449617386
585: 0.7737647891044617
586: 0.016354771330952644
586: 0.00952957198023796
587: 0.018939640372991562
587: 0.03421483933925629
588: 0.17525872588157654
588: 0.009775102138519287
589: 0.009320906363427639
589: 0.009527293033897877
590: 0.01239362545311451
590: 0.00901544839143753
591: 0.009310342371463776
591: 0.008937717415392399
592: 0.009288424625992775
592: 0.009670872241258621
593: 0.00896071083843708
593: 0.015764480456709862
594: 0.019219670444726944
594: 0.008444435894489288
595: 0.03667764365673065
595: 0.009060067124664783
596: 0.013057704083621502
596: 0.008626878261566162
597: 0.022408781573176384
597: 0.018402710556983948
598: 0.009062645956873894
598: 0.00916958786547184
599: 0.00908773671835661
599: 0.04992547631263733
600: 0.008876601234078407
600: 0.008343124762177467
601: 0.010294662788510323
601: 0.008569573983550072
602: 0.008981643244624138
602: 0.00848876778036356
603: 0.0081039322540164
603: 0.008943581022322178
604: 0.016482530161738396
604: 0.007967069745063782
605: 0.007950982078909874
605: 0.007824733853340149
606: 0.011177451349794865
606: 0.008265828713774681
607: 0.008052915334701538
607: 0.04405708611011505
608: 0.00815906748175621
608: 0.012640630826354027
609: 0.010802297852933407
609: 0.00864624883979559
610: 0.011772530153393745
610: 0.007717606611549854
611: 0.014092913828790188
611: 0.010076363570988178
612: 0.020489433780312538
612: 0.05254422873258591
613: 0.008772393688559532
613: 0.00851336307823658
614: 0.008900927379727364
614: 0.008203377947211266
615: 0.008045871742069721
615: 0.008265409618616104
616: 0.008739419281482697
616: 0.008930101990699768
617: 0.008132116869091988
617: 0.01821325346827507
618: 0.00837618112564087
618: 0.008371279574930668
619: 0.01160428673028946
619: 0.020280908793210983
620: 0.007939128205180168
620: 0.008430707268416882
621: 0.007968278601765633
621: 0.008510665968060493
622: 0.015743758529424667
622: 0.036463893949985504
623: 0.008229328319430351
623: 0.4146292805671692
624: 0.007825866341590881
624: 0.012799789197742939
625: 0.009000545367598534
625: 0.012477541342377663
626: 0.0831642672419548
626: 0.009652630425989628
627: 0.07119608670473099
627: 0.009255903773009777
628: 0.009728625416755676
628: 0.019066285341978073
629: 0.00839520525187254
629: 0.03361433371901512
630: 0.03785257786512375
630: 0.008356217294931412
631: 0.008447802625596523
631: 0.1308433562517166
632: 0.009922129102051258
632: 0.008341670036315918
633: 0.008308022283017635
633: 0.008566902950406075
634: 0.008151918649673462
634: 0.00909447856247425
635: 0.008029960095882416
635: 0.00861692987382412
636: 0.008001686073839664
636: 0.017850175499916077
637: 0.011477273888885975
637: 0.03337293118238449
638: 0.009528042748570442
638: 0.013108287006616592
639: 0.02280620113015175
639: 0.008004168048501015
640: 0.008574231527745724
640: 0.011064928025007248
641: 0.008310621604323387
641: 0.008249259553849697
642: 0.007752943318337202
642: 0.008194919675588608
643: 0.007752192206680775
643: 0.008039852604269981
644: 0.009291007183492184
644: 0.014165367931127548
645: 0.00793224573135376
645: 0.008466994389891624
646: 0.00854924600571394
646: 0.010940118692815304
647: 0.551872730255127
647: 0.008526626043021679
648: 0.00834574457257986
648: 0.008459411561489105
649: 0.016359377652406693
649: 0.7476415634155273
650: 0.0091404989361763
650: 0.008835537359118462
651: 0.009574539959430695
651: 0.00968322902917862
652: 0.009779366664588451
652: 0.008941925130784512
653: 0.03988473117351532
653: 0.009122613817453384
654: 0.03602076694369316
654: 0.008985454216599464
655: 0.017563827335834503
655: 0.00843958742916584
656: 0.009148966521024704
656: 0.008846745826303959
657: 0.02281828597187996
657: 0.011647376231849194
658: 0.009262238629162312
658: 0.014148331247270107
659: 0.008790336549282074
659: 0.008669430390000343
660: 0.008138645440340042
660: 0.008669726550579071
661: 0.00824168510735035
661: 0.015784498304128647
662: 0.14523857831954956
662: 0.00870390422642231
663: 0.008093224838376045
663: 0.010258030146360397
664: 0.03385120630264282
664: 0.00854668952524662
665: 0.008611498400568962
665: 0.01844426989555359
666: 0.029686905443668365
666: 0.015388411469757557
667: 0.007895464077591896
667: 0.008581598289310932
668: 0.007997901178896427
668: 0.008582857437431812
669: 0.008453741669654846
669: 0.012076286599040031
670: 0.008322909474372864
670: 0.5090252757072449
671: 0.007961399853229523
671: 0.008646664209663868
672: 0.008420513942837715
672: 0.008823603391647339
673: 0.007901029661297798
673: 0.013303833082318306
674: 0.007794514764100313
674: 0.008995220065116882
675: 0.09208978712558746
675: 0.008550857193768024
676: 0.01173458807170391
676: 0.008201319724321365
677: 0.008067665621638298
677: 0.008321193046867847
678: 0.00834735669195652
678: 0.00835810974240303
679: 0.007882829755544662
679: 0.008074195124208927
680: 0.007528753485530615
680: 0.007243994623422623
681: 0.27521705627441406
681: 0.02827470563352108
682: 0.009116923436522484
682: 0.014675027690827847
683: 0.018999753519892693
683: 0.007311463356018066
684: 0.009733003564178944
684: 0.008007868193089962
685: 0.007874345406889915
685: 0.014893296174705029
686: 0.008688625879585743
686: 0.007537169381976128
687: 0.020557906478643417
687: 0.0074455407448112965
688: 0.008785712532699108
688: 0.007910358719527721
689: 0.007787114940583706
689: 0.00796255748718977
690: 0.0076904017478227615
690: 0.017457380890846252
691: 0.009136045351624489
691: 0.021240603178739548
692: 0.050558801740407944
692: 0.08869746327400208
693: 0.009744217619299889
693: 0.043170616030693054
694: 0.01759130135178566
694: 0.008344443514943123
695: 0.00877813994884491
695: 0.013769576326012611
696: 0.00824061594903469
696: 0.008402964100241661
697: 0.023716792464256287
697: 0.008522676303982735
698: 0.008159954100847244
698: 0.007734294980764389
699: 0.014515146613121033
699: 0.00802728720009327
700: 0.008451067842543125
700: 0.008405353873968124
701: 0.00868198461830616
701: 0.00808300543576479
702: 0.010897465981543064
702: 0.01293207798153162
703: 0.010481463745236397
703: 0.009206299670040607
704: 0.008823618292808533
704: 0.1536310613155365
705: 0.00846471544355154
705: 0.007581108249723911
706: 0.00881265103816986
706: 0.008854243904352188
707: 0.015784980729222298
707: 0.008259485475718975
708: 0.008925511501729488
708: 0.008447758853435516
709: 0.008580791763961315
709: 0.00844833068549633
710: 0.009062990546226501
710: 0.010662387125194073
711: 0.014245139434933662
711: 0.012237386777997017
712: 0.019434873014688492
712: 0.010114266537129879
713: 0.007385787554085255
713: 0.007244408130645752
714: 0.007688169367611408
714: 0.007734406273812056
715: 0.007215231191366911
715: 0.03092789277434349
716: 0.006834161467850208
716: 0.0118904709815979
717: 0.007893609814345837
717: 0.007283454295247793
718: 0.007898924872279167
718: 0.007579338736832142
719: 0.00782527681440115
719: 0.0075364913791418076
720: 0.007230441085994244
720: 0.006954391021281481
721: 0.009258771315217018
721: 0.00745363486930728
722: 0.15711641311645508
722: 0.018581897020339966
723: 0.006795985624194145
723: 0.018197614699602127
724: 0.029552750289440155
724: 0.0466582290828228
725: 0.032522182911634445
725: 0.008663984015583992
726: 0.007238881196826696
726: 0.009806966409087181
727: 0.007032602094113827
727: 0.006784066092222929
728: 0.14535194635391235
728: 0.006840700749307871
729: 0.0067950957454741
729: 0.007080866955220699
730: 0.03850832208991051
730: 0.0068718623369932175
731: 0.007109711412340403
731: 0.007039225660264492
732: 0.0067525627091526985
732: 0.01090807281434536
733: 0.02076563984155655
733: 0.007099620532244444
734: 0.006841103546321392
734: 0.007413559593260288
735: 0.1828278750181198
735: 0.007137179374694824
736: 0.016522321850061417
736: 0.02900894731283188
737: 0.006645582616329193
737: 0.0067180609330534935
738: 0.03954649716615677
738: 0.0070326728746294975
739: 0.007058368064463139
739: 0.006981572136282921
740: 0.013513810932636261
740: 0.006710262969136238
741: 0.01811165362596512
741: 0.007781756576150656
742: 0.007006966508924961
742: 0.006502178497612476
743: 0.006888584699481726
743: 0.008501870557665825
744: 0.018100861459970474
744: 0.017627032473683357
745: 0.01970939338207245
745: 0.019214875996112823
746: 0.007345965132117271
746: 0.007115302607417107
747: 0.007254659663885832
747: 0.0069910804741084576
748: 0.06899392604827881
748: 0.007032214663922787
749: 0.006964741740375757
749: 0.006920484825968742
750: 0.007291129324585199
750: 0.012780321761965752
751: 0.007828036323189735
751: 0.010015975683927536
752: 0.05012260749936104
752: 0.007066740654408932
753: 0.008410517126321793
753: 0.006716834846884012
754: 0.0653996542096138
754: 0.008802560158073902
755: 0.009723004885017872
755: 0.00711631216108799
756: 0.00665372796356678
756: 0.00714106485247612
757: 0.0071778129786252975
757: 0.0111316479742527
758: 0.00713688787072897
758: 0.006656215526163578
759: 0.039127059280872345
759: 0.07580290734767914
760: 0.0924399197101593
760: 0.011171631515026093
761: 0.006712658330798149
761: 0.009151984006166458
762: 0.03552280738949776
762: 0.006336805876344442
763: 0.027973061427474022
763: 0.006933592259883881
764: 0.007195569574832916
764: 0.011917736381292343
765: 0.006953012198209763
765: 0.006454517133533955
766: 0.006450180429965258
766: 0.023621967062354088
767: 0.006675100419670343
767: 0.01527099497616291
768: 0.0062728095799684525
768: 0.006187872029840946
769: 0.006427141837775707
769: 0.006861182861030102
770: 0.006774840876460075
770: 0.006684527266770601
771: 0.009467098861932755
771: 0.02547500841319561
772: 0.007042929530143738
772: 0.0061207786202430725
773: 0.02144261822104454
773: 0.03543271869421005
774: 0.016253404319286346
774: 0.12351113557815552
775: 0.010331504046916962
775: 0.0165523961186409
776: 0.00631897896528244
776: 0.006878697779029608
777: 0.01586117222905159
777: 0.13366442918777466
778: 0.006366598419845104
778: 0.01415742002427578
779: 0.006337812636047602
779: 0.006839378736913204
780: 0.018508633598685265
780: 0.006305778864771128
781: 0.12606152892112732
781: 0.0067670829594135284
782: 0.0063313585706055164
782: 0.006897155661135912
783: 0.006415442563593388
783: 0.019153384491801262
784: 0.006431582383811474
784: 0.01924123615026474
785: 0.006358267739415169
785: 0.5780735015869141
786: 0.006335720885545015
786: 0.009286364540457726
787: 0.01593714952468872
787: 0.00641720462590456
788: 0.006127672735601664
788: 0.006296494510024786
789: 0.006071528419852257
789: 0.006644515320658684
790: 0.010202061384916306
790: 0.006514318287372589
791: 0.006236025597900152
791: 0.006640877574682236
792: 0.009895935654640198
792: 0.26032954454421997
793: 0.010809645988047123
793: 0.00692247599363327
794: 0.008462119847536087
794: 0.012660976499319077
795: 0.009990145452320576
795: 0.006617488339543343
796: 0.006944245658814907
796: 0.008821581490337849
797: 0.006319054402410984
797: 0.006415378302335739
798: 0.007935992442071438
798: 0.07183489203453064
799: 0.025541242212057114
799: 0.0074438550509512424
800: 0.0077909245155751705
800: 0.007076865993440151
801: 0.009529024362564087
801: 0.006470360793173313
802: 0.006596735212951899
802: 0.006492001935839653
803: 0.006014741025865078
803: 0.0064845820888876915
804: 0.010301155969500542
804: 0.009521654807031155
805: 0.008758042007684708
805: 0.006495697423815727
806: 0.007224623113870621
806: 0.009456789121031761
807: 0.022614652290940285
807: 0.006369577720761299
808: 0.006342272274196148
808: 0.006293141283094883
809: 0.011523768305778503
809: 0.006680337246507406
810: 0.007721522822976112
810: 0.006968340836465359
811: 0.007823139429092407
811: 0.01831565797328949
812: 0.007027407176792622
812: 0.01744023710489273
813: 0.006380137987434864
813: 0.0061834873631596565
814: 0.00635344535112381
814: 0.00687895342707634
815: 0.007929935120046139
815: 0.012797422707080841
816: 0.006778488866984844
816: 0.007673785090446472
817: 0.006444279104471207
817: 0.010730237700045109
818: 0.08903783559799194
818: 0.006753083318471909
819: 0.006532028783112764
819: 0.006486354861408472
820: 0.02011268027126789
820: 0.013754108920693398
821: 0.008517557755112648
821: 0.006851631216704845
822: 0.006434183567762375
822: 0.006194214336574078
823: 0.010695341974496841
823: 0.016330575570464134
824: 0.007650682236999273
824: 0.009071091189980507
825: 0.007020328659564257
825: 0.006715888157486916
826: 0.038455720990896225
826: 0.6606988906860352
827: 0.008196569047868252
827: 0.1584387868642807
828: 0.009612592868506908
828: 0.009235246106982231
829: 0.00939066894352436
829: 0.010336354374885559
830: 0.008901889435946941
830: 0.013994571752846241
831: 0.007044351194053888
831: 0.006614579353481531
832: 0.008116725832223892
832: 0.009263444691896439
833: 0.007815074175596237
833: 0.007997436448931694
834: 0.008794066496193409
834: 0.11006030440330505
835: 0.008952474221587181
835: 0.04232228174805641
836: 0.008709529414772987
836: 0.015616696327924728
837: 0.00771064218133688
837: 0.0076089221984148026
838: 0.007801665458828211
838: 0.00689334562048316
839: 0.015579789876937866
839: 0.006569926626980305
840: 0.00928620807826519
840: 0.014847712591290474
841: 0.01341676339507103
841: 0.006974445190280676
842: 0.006847955286502838
842: 0.007089012768119574
843: 0.008195139467716217
843: 0.007997975684702396
844: 0.023734314367175102
844: 0.006793540436774492
845: 0.007143384777009487
845: 0.10213831812143326
846: 0.03086416982114315
846: 0.008553799241781235
847: 0.014593679457902908
847: 0.009651091881096363
848: 0.010162770748138428
848: 0.009641229175031185
849: 0.008400342427194118
849: 0.035878345370292664
850: 0.006808631122112274
850: 0.011283043771982193
851: 0.006433553993701935
851: 0.006570769939571619
852: 0.0068845925852656364
852: 0.006969943642616272
853: 0.0073355259373784065
853: 0.009627768769860268
854: 0.7742740511894226
854: 0.006801446434110403
855: 0.019857320934534073
855: 0.014674311503767967
856: 0.006289358250796795
856: 0.006547452881932259
857: 0.007518581580370665
857: 0.031073633581399918
858: 0.04683452844619751
858: 0.008472414687275887
859: 0.018241291865706444
859: 0.008059434592723846
860: 0.32486283779144287
860: 0.006338576786220074
861: 0.7171247601509094
861: 0.00647280877456069
862: 0.008239880204200745
862: 0.007890453562140465
863: 0.07529900968074799
863: 0.010008279234170914
864: 0.010067063383758068
864: 0.05121433362364769
865: 0.008292931132018566
865: 0.0077012511901557446
866: 0.03507374972105026
866: 0.017144955694675446
867: 0.006514109671115875
867: 0.013288753107190132
868: 0.03216800093650818
868: 0.008436450734734535
869: 0.03137993812561035
869: 0.016389133408665657
870: 0.008043929934501648
870: 0.008454743772745132
871: 0.006591386161744595
871: 0.16010141372680664
872: 0.014683853834867477
872: 0.4099186062812805
873: 0.007052799686789513
873: 0.008254589512944221
874: 0.023196307942271233
874: 0.011487433686852455
875: 0.016745276749134064
875: 0.007662433199584484
876: 0.008289464749395847
876: 0.006862317211925983
877: 0.006510748527944088
877: 0.007538698613643646
878: 0.0080135902389884
878: 0.00681680254638195
879: 0.0074556851759552956
879: 0.013096444308757782
880: 0.009967826306819916
880: 0.12447233498096466
881: 0.007644529454410076
881: 0.007708413526415825
882: 0.008246288634836674
882: 0.00740057323127985
883: 0.006985186133533716
883: 0.006664211396127939
884: 0.03688196837902069
884: 0.006455007940530777
885: 0.006977976765483618
885: 0.020496860146522522
886: 0.006528268102556467
886: 0.0061386157758533955
887: 0.012498516589403152
887: 0.006305243819952011
888: 0.006212111096829176
888: 0.5186357498168945
889: 0.0064818719401955605
889: 0.020860590040683746
890: 0.012723834253847599
890: 0.0071962266229093075
891: 0.033514603972435
891: 0.008046334609389305
892: 0.007721819449216127
892: 0.010243235155940056
893: 0.025890618562698364
893: 0.00726013258099556
894: 0.12580308318138123
894: 0.0069548627361655235
895: 0.0066115520894527435
895: 0.006778583861887455
896: 0.007100896909832954
896: 0.007079812698066235
897: 0.007558771409094334
897: 0.007616393268108368
898: 0.007484825327992439
898: 0.032982274889945984
899: 0.006241104565560818
899: 0.03769906610250473
900: 0.014088016003370285
900: 0.008099623955786228
901: 0.00589452451094985
901: 0.022646859288215637
902: 0.006225598976016045
902: 0.012277290225028992
903: 0.0064177983440458775
903: 0.02137601375579834
904: 0.006873984821140766
904: 0.006775646470487118
905: 0.009799377992749214
905: 0.007108473218977451
906: 0.00628849770873785
906: 0.006400024518370628
907: 0.008315389975905418
907: 0.006170616485178471
908: 0.006699149496853352
908: 0.006498503964394331
909: 0.006566150113940239
909: 0.006837412714958191
910: 0.017728164792060852
910: 0.0069097611121833324
911: 0.006092764437198639
911: 0.008028793148696423
912: 0.021392088383436203
912: 0.0055292220786213875
913: 0.010402403771877289
913: 0.005391070153564215
914: 0.2734445333480835
914: 0.006153414025902748
915: 0.0058951349928975105
915: 0.011616090312600136
916: 0.009904573671519756
916: 0.006211717613041401
917: 0.03579900786280632
917: 0.01578492484986782
918: 0.017550794407725334
918: 0.006277144420892
919: 0.006609019823372364
919: 0.009872439317405224
920: 0.08573906868696213
920: 0.006706823129206896
921: 0.0057033817283809185
921: 0.008355634286999702
922: 0.012677615508437157
922: 0.005963432136923075
923: 0.005828463472425938
923: 0.005745651200413704
924: 0.00625939667224884
924: 0.005529392510652542
925: 0.005939521826803684
925: 0.005841124802827835
926: 0.012074649333953857
926: 0.01709139160811901
927: 0.007476062513887882
927: 0.005845457315444946
928: 0.005800086073577404
928: 0.00569221843034029
929: 0.005662811920046806
929: 0.04616536572575569
930: 0.005571769550442696
930: 0.005367903038859367
931: 0.005861387122422457
931: 0.007560587953776121
932: 0.00525696063414216
932: 0.00555267371237278
933: 0.005464896094053984
933: 0.005418652668595314
934: 0.0053029898554086685
934: 0.005385242402553558
935: 0.01598586142063141
935: 0.005171477794647217
936: 0.009113003499805927
936: 0.008377587422728539
937: 0.0051310742273926735
937: 0.029517384245991707
938: 0.009833884425461292
938: 0.005305326543748379
939: 0.0053554680198431015
939: 0.005316487513482571
940: 0.005497666075825691
940: 0.005595345515757799
941: 0.005379662849009037
941: 0.005950475111603737
942: 0.005657335743308067
942: 0.005735031329095364
943: 0.005920354276895523
943: 0.005492493975907564
944: 0.0053053791634738445
944: 0.007833410054445267
945: 0.005491849035024643
945: 0.005232574418187141
946: 0.005213470198214054
946: 0.00933265220373869
947: 0.009109020233154297
947: 0.005703888833522797
948: 0.005012908950448036
948: 0.01655612513422966
949: 0.005790350027382374
949: 0.005443507805466652
950: 0.011838782578706741
950: 0.00525214709341526
951: 0.02562328241765499
951: 0.006274615414440632
952: 0.018606245517730713
952: 0.005618404597043991
953: 0.005244786851108074
953: 0.009814618155360222
954: 0.011392062529921532
954: 0.005346258170902729
955: 0.017163269221782684
955: 0.008877969346940517
956: 0.005581457167863846
956: 0.011807221919298172
957: 0.005887303501367569
957: 0.013711960054934025
958: 0.006643984001129866
958: 0.005542967468500137
959: 0.0086313895881176
959: 0.010567952878773212
960: 0.005147160962224007
960: 0.00576948095113039
961: 0.005755060818046331
961: 0.015234990045428276
962: 0.005628617946058512
962: 0.1488397717475891
963: 0.005545460619032383
963: 0.0053816065192222595
964: 0.006089084316045046
964: 0.017757970839738846
965: 0.005132374353706837
965: 0.005653373897075653
966: 0.005344016011804342
966: 0.005049313884228468
967: 0.0055556572042405605
967: 0.0071882400661706924
968: 0.006220052484422922
968: 0.04463823139667511
969: 0.041179172694683075
969: 0.005142650101333857
970: 0.05924082547426224
970: 0.011374613270163536
971: 0.004916113335639238
971: 0.0218702033162117
972: 0.005242353770881891
972: 0.00536763109266758
973: 0.005163124296814203
973: 0.00490080751478672
974: 0.005279052071273327
974: 0.005546514876186848
975: 0.00509140407666564
975: 0.004959039855748415
976: 0.004611733369529247
976: 0.06090463697910309
977: 0.020154379308223724
977: 0.0050605060532689095
978: 0.008889904245734215
978: 0.005893433000892401
979: 0.005064910277724266
979: 0.0048538390547037125
980: 0.004853043705224991
980: 0.01913999766111374
981: 0.005316035822033882
981: 0.009462442249059677
982: 0.04898211359977722
982: 0.004851032979786396
983: 0.004834207706153393
983: 0.005263308994472027
984: 0.006359547842293978
984: 0.005406772252172232
985: 0.005225549452006817
985: 0.005048674531280994
986: 0.011827973648905754
986: 0.007456663995981216
987: 0.005206089932471514
987: 0.004948497749865055
988: 0.005107041448354721
988: 0.005026154685765505
989: 0.0048577068373560905
989: 0.005129959434270859
990: 0.004839389119297266
990: 0.005072528496384621
991: 0.0056457375176250935
991: 0.018424324691295624
992: 0.008076019585132599
992: 0.004834752529859543
993: 0.004820223897695541
993: 0.006426958367228508
994: 0.004780729301273823
994: 0.011111833155155182
995: 0.01690918579697609
995: 0.033014893531799316
996: 0.013227695599198341
996: 0.005377172492444515
997: 0.005342122167348862
997: 0.0051526655443012714
998: 0.006468233652412891
998: 0.007908698171377182
999: 0.026929393410682678
999: 0.004798312671482563
1000: 0.004967458080500364
1000: 0.014600172638893127
1001: 0.005203503184020519
1001: 0.005450032185763121
1002: 0.005227516870945692
1002: 0.012187216430902481
1003: 0.09467390179634094
1003: 0.00566016836091876
1004: 0.004868852905929089
1004: 0.005021283403038979
1005: 0.032085392624139786
1005: 0.006827577017247677
1006: 0.00933384895324707
1006: 0.004883557558059692
1007: 0.005008414387702942
1007: 0.0073153614066541195
1008: 0.281453013420105
1008: 0.0059409430250525475
1009: 0.005123740993440151
1009: 0.006447853986173868
1010: 0.005309787578880787
1010: 0.005711302161216736
1011: 0.010169313289225101
1011: 0.05089595168828964
1012: 0.005141841247677803
1012: 0.005132976453751326
1013: 0.04609176516532898
1013: 0.005829683504998684
1014: 0.004558554384857416
1014: 0.006243349052965641
1015: 0.004861081950366497
1015: 0.004728472325950861
1016: 0.007474171929061413
1016: 0.005238654557615519
1017: 0.06275784969329834
1017: 0.004518087953329086
1018: 0.020732589066028595
1018: 0.00934345368295908
1019: 0.004627426620572805
1019: 0.004454783163964748
1020: 0.008092429488897324
1020: 0.00496197585016489
1021: 0.005413216073065996
1021: 0.013938818126916885
1022: 0.00500075239688158
1022: 0.03727082163095474
1023: 0.004777160473167896
1023: 0.010636797174811363
1024: 0.007843203842639923
1024: 0.004634079989045858
1025: 0.0075927190482616425
1025: 0.15628758072853088
1026: 0.007774035446345806
1026: 0.006870910990983248
1027: 0.014579757116734982
1027: 0.005955868866294622
1028: 0.0053537581115961075
1028: 0.009066393598914146
1029: 0.010893670842051506
1029: 0.00808365736156702
1030: 0.005481072701513767
1030: 0.005519209895282984
1031: 0.010940594598650932
1031: 0.005614513531327248
1032: 0.011472057551145554
1032: 0.0051767220720648766
1033: 0.004866408184170723
1033: 0.010470514185726643
1034: 0.004921526648104191
1034: 0.005187490023672581
1035: 0.02535625733435154
1035: 0.004901009611785412
1036: 0.004875196143984795
1036: 0.023683875799179077
1037: 0.004808895289897919
1037: 0.012279115617275238
1038: 0.004938166588544846
1038: 0.007145031355321407
1039: 0.005118467845022678
1039: 0.00481991283595562
1040: 0.005979233421385288
1040: 0.0049417875707149506
1041: 0.03650030121207237
1041: 0.038412563502788544
1042: 0.15734845399856567
1042: 0.005435913801193237
1043: 0.0048410105518996716
1043: 0.004722622223198414
1044: 0.008514572866261005
1044: 0.0050190519541502
1045: 0.007591851055622101
1045: 0.004892698489129543
1046: 0.008735072799026966
1046: 0.007321310695260763
1047: 0.004643362946808338
1047: 0.00437930878251791
1048: 0.013176439329981804
1048: 0.004437077324837446
1049: 0.019212592393159866
1049: 0.0045168157666921616
1050: 0.00494377501308918
1050: 0.004620667081326246
1051: 0.004820031113922596
1051: 0.0048791468143463135
1052: 0.004911935888230801
1052: 0.004976689349859953
1053: 0.04830851033329964
1053: 0.0045894356444478035
1054: 0.036283791065216064
1054: 0.005174701102077961
1055: 0.0047365291975438595
1055: 0.055740900337696075
1056: 0.004793837666511536
1056: 0.005020442418754101
1057: 0.0047495998442173
1057: 0.0045875259675085545
1058: 0.0047964612022042274
1058: 0.0048986515030264854
1059: 0.007205052301287651
1059: 0.0066413371823728085
1060: 0.0069646527990698814
1060: 0.0048439353704452515
1061: 0.0047490233555436134
1061: 0.004550169222056866
1062: 0.0045334212481975555
1062: 0.00480131059885025
1063: 0.0052276793867349625
1063: 0.016825567930936813
1064: 0.004605110734701157
1064: 0.006870601791888475
1065: 0.004493582062423229
1065: 0.005065317265689373
1066: 0.004712790250778198
1066: 0.005675336346030235
1067: 0.009943900629878044
1067: 0.0043347906321287155
1068: 0.006309172138571739
1068: 0.058199867606163025
1069: 0.016314774751663208
1069: 0.004271600395441055
1070: 0.0045706783421337605
1070: 0.004596673417836428
1071: 0.004843717906624079
1071: 0.012419745326042175
1072: 0.03172940015792847
1072: 0.004927870351821184
1073: 0.05219372361898422
1073: 0.0057780202478170395
1074: 0.004556851461529732
1074: 0.004604033660143614
1075: 0.004667919594794512
1075: 0.00546150840818882
1076: 0.004779409617185593
1076: 0.0715806633234024
1077: 0.00719986017793417
1077: 0.004741571843624115
1078: 0.09975555539131165
1078: 0.0065790386870503426
1079: 0.06047048419713974
1079: 0.006585198920220137
1080: 0.007356065791100264
1080: 0.011351067572832108
1081: 0.013437440618872643
1081: 0.004776351153850555
1082: 0.005001891870051622
1082: 0.005481577478349209
1083: 0.005113191902637482
1083: 0.004825673997402191
1084: 0.004874860867857933
1084: 0.009655914269387722
1085: 0.005230237729847431
1085: 0.005287442356348038
1086: 0.00484062684699893
1086: 0.005307885818183422
1087: 0.004736735485494137
1087: 0.004781512543559074
1088: 0.004983183462172747
1088: 0.07669340074062347
1089: 0.015900179743766785
1089: 0.0043548159301280975
1090: 0.004627019166946411
1090: 0.004281672649085522
1091: 0.007689222693443298
1091: 0.00434569176286459
1092: 0.004281730391085148
1092: 0.004394675604999065
1093: 0.0057721687480807304
1093: 0.004381595179438591
1094: 0.027906429022550583
1094: 0.011418109759688377
1095: 0.004318031948059797
1095: 0.00433453731238842
1096: 0.0051233102567493916
1096: 0.011619647033512592
1097: 0.01089938823133707
1097: 0.010993062518537045
1098: 0.004565507173538208
1098: 0.005342654883861542
1099: 0.015917059034109116
1099: 0.004906239919364452
1100: 0.004830128513276577
1100: 0.005150139331817627
1101: 0.005701778922230005
1101: 0.004556128289550543
1102: 0.004631415940821171
1102: 0.00494734663516283
1103: 0.006730473600327969
1103: 0.01381358690559864
1104: 0.004461205564439297
1104: 0.015058325603604317
1105: 0.004466049373149872
1105: 0.009096069261431694
1106: 0.010679354891180992
1106: 0.004292658530175686
1107: 0.004232930950820446
1107: 0.01103704422712326
1108: 0.004278749227523804
1108: 0.0043013691902160645
1109: 0.013738036155700684
1109: 0.012879581190645695
1110: 0.00878233090043068
1110: 0.004380343481898308
1111: 0.005217056721448898
1111: 0.004262558650225401
1112: 0.0041792308911681175
1112: 0.006667749956250191
1113: 0.12324990332126617
1113: 0.004591926001012325
1114: 0.00442196149379015
1114: 0.046708740293979645
1115: 0.04895443469285965
1115: 0.004239280708134174
1116: 0.004206279758363962
1116: 0.004045710898935795
1117: 0.004644758999347687
1117: 0.0041770427487790585
1118: 0.02237040549516678
1118: 0.0051866983994841576
1119: 0.00461437227204442
1119: 0.04959792643785477
1120: 0.03698098659515381
1120: 0.01721857860684395
1121: 0.02290443331003189
1121: 0.006390377879142761
1122: 0.00653450284153223
1122: 0.004314996302127838
1123: 0.0049127861857414246
1123: 0.004422421101480722
1124: 0.004780638962984085
1124: 0.005488553550094366
1125: 0.004510365426540375
1125: 0.008357755839824677
1126: 0.004468291066586971
1126: 0.013494102284312248
1127: 0.005016260780394077
1127: 0.00510773528367281
1128: 0.0073443325236439705
1128: 0.004560383502393961
1129: 0.0047709327191114426
1129: 0.00775104807689786
1130: 0.01581023447215557
1130: 0.012043608352541924
1131: 0.005354410968720913
1131: 0.004317266866564751
1132: 0.01940121315419674
1132: 0.015198122709989548
1133: 0.004454389680176973
1133: 0.004392423667013645
1134: 0.004622149281203747
1134: 0.004566635005176067
1135: 0.010038917884230614
1135: 0.01933564431965351
1136: 0.025578239932656288
1136: 0.007499116472899914
1137: 0.0071969423443078995
1137: 0.011415794491767883
1138: 0.005059157498180866
1138: 0.004507127217948437
1139: 0.004470526240766048
1139: 0.012878751382231712
1140: 0.004308753646910191
1140: 0.27268439531326294
1141: 0.004584990907460451
1141: 0.004630614537745714
1142: 0.00489532295614481
1142: 0.004775022156536579
1143: 0.008309978991746902
1143: 0.005844693165272474
1144: 0.013912837952375412
1144: 0.004866397473961115
1145: 0.004700581077486277
1145: 0.004933543968945742
1146: 0.004822601098567247
1146: 0.01660577952861786
1147: 0.004192666616290808
1147: 0.00490296445786953
1148: 0.004471844062209129
1148: 0.8705670833587646
1149: 0.13582651317119598
1149: 0.005238704849034548
1150: 0.00876963883638382
1150: 0.004367872141301632
1151: 0.00455534178763628
1151: 0.013699708506464958
1152: 0.008500468917191029
1152: 0.004427400417625904
1153: 0.004800898022949696
1153: 0.005529047921299934
1154: 0.006180763244628906
1154: 0.004617316648364067
1155: 0.004729311913251877
1155: 0.012306300923228264
1156: 0.006176363211125135
1156: 0.022170111536979675
1157: 0.385346919298172
1157: 0.004573599901050329
1158: 0.013942264020442963
1158: 0.03120102547109127
1159: 0.004612441174685955
1159: 0.005008916836231947
1160: 0.005591922905296087
1160: 0.0061761136166751385
1161: 0.012238971889019012
1161: 0.008066747337579727
1162: 0.007975747808814049
1162: 0.6583278179168701
1163: 0.006767159327864647
1163: 0.006695739924907684
1164: 0.006834717467427254
1164: 0.0073056695982813835
1165: 0.009002860635519028
1165: 0.019934944808483124
1166: 0.007104424759745598
1166: 0.0071921274065971375
1167: 0.006096796132624149
1167: 0.005935295484960079
1168: 0.005596276372671127
1168: 0.08932501077651978
1169: 0.00933179073035717
1169: 0.05002443864941597
1170: 0.007591276429593563
1170: 0.00699959322810173
1171: 0.010408708825707436
1171: 0.011578874662518501
1172: 0.0061605628579854965
1172: 0.0075846100226044655
1173: 0.005270757246762514
1173: 0.005496105179190636
1174: 0.006977275013923645
1174: 0.004780370742082596
1175: 0.005359896924346685
1175: 0.004991036374121904
1176: 0.005935751833021641
1176: 0.015826400369405746
1177: 0.00604459922760725
1177: 0.005849432200193405
1178: 0.010191582143306732
1178: 0.011044482700526714
1179: 0.004748718813061714
1179: 0.013890068046748638
1180: 0.028124554082751274
1180: 0.0048866355791687965
1181: 0.007775324396789074
1181: 0.00583827355876565
1182: 0.006516178138554096
1182: 0.02431000955402851
1183: 0.006313421297818422
1183: 0.04027029871940613
1184: 0.009778706356883049
1184: 0.011394469067454338
1185: 0.006430377252399921
1185: 0.010890534147620201
1186: 0.007967895828187466
1186: 0.009724152274429798
1187: 0.005610271356999874
1187: 0.00504196435213089
1188: 0.005746451206505299
1188: 0.04753505438566208
1189: 0.006964370142668486
1189: 0.05388837307691574
1190: 0.01385467778891325
1190: 0.006696720141917467
1191: 0.00529594998806715
1191: 0.008783441036939621
1192: 0.006020892411470413
1192: 0.014022182673215866
1193: 0.005943244323134422
1193: 0.005676192231476307
1194: 0.005478663835674524
1194: 0.005170796066522598
1195: 0.158453106880188
1195: 0.005197728052735329
1196: 0.0055395085364580154
1196: 0.005944399628788233
1197: 0.006674132309854031
1197: 0.01645757630467415
1198: 0.004903956316411495
1198: 0.014929096214473248
1199: 0.005663583986461163
1199: 0.18107806146144867
1200: 0.03647132217884064
1200: 0.009840368293225765
1201: 0.03351246938109398
1201: 0.004753701854497194
1202: 0.005011355504393578
1202: 0.0047865742817521095
1203: 0.004800586029887199
1203: 0.004799727350473404
1204: 0.004806308075785637
1204: 0.7200910449028015
1205: 0.0041009122505784035
1205: 0.010014791041612625
1206: 0.011688163504004478
1206: 0.004582562018185854
1207: 0.5840942859649658
1207: 0.004717010073363781
1208: 0.004590664058923721
1208: 0.01304546743631363
1209: 0.17104755342006683
1209: 0.034668318927288055
1210: 0.004536690190434456
1210: 0.00439092144370079
1211: 0.004523392766714096
1211: 0.00444255955517292
1212: 0.020437030121684074
1212: 0.004791742190718651
1213: 0.004422836937010288
1213: 0.004380866885185242
1214: 0.004675604868680239
1214: 0.004663084167987108
1215: 0.004442570731043816
1215: 0.008004005998373032
1216: 0.013790103606879711
1216: 0.010845934972167015
1217: 0.0046743606217205524
1217: 0.013059724122285843
1218: 0.021990420296788216
1218: 0.0045712292194366455
1219: 0.0824202299118042
1219: 0.00740007683634758
1220: 0.005868128500878811
1220: 0.004871460609138012
1221: 0.004298888146877289
1221: 0.004360377788543701
1222: 0.004944649059325457
1222: 0.0046954164281487465
1223: 0.004272581078112125
1223: 0.004364520311355591
1224: 0.014231264591217041
1224: 0.00774726876989007
1225: 0.00454091839492321
1225: 0.019592255353927612
1226: 0.03803557530045509
1226: 0.004308922681957483
1227: 0.004612721037119627
1227: 0.004455417860299349
1228: 0.004237225744873285
1228: 0.009671326726675034
1229: 0.00452925032004714
1229: 0.004309261217713356
1230: 0.0043997569009661674
1230: 0.004436473827809095
1231: 0.004452550783753395
1231: 0.004319018684327602
1232: 0.23477767407894135
1232: 0.006880904082208872
1233: 0.009214093908667564
1233: 0.004324967972934246
1234: 0.004867121111601591
1234: 0.00459379144012928
1235: 0.004250044468790293
1235: 0.004613525699824095
1236: 0.012471292167901993
1236: 0.005584670230746269
1237: 0.004629004746675491
1237: 0.0391450859606266
1238: 0.004742905497550964
1238: 0.010602012276649475
1239: 0.00446008937433362
1239: 0.005806991830468178
1240: 0.0039207530207931995
1240: 0.0041924770921468735
1241: 0.3287917375564575
1241: 0.008493109606206417
1242: 0.004269150085747242
1242: 0.01599815860390663
1243: 0.003978775814175606
1243: 0.004094446077942848
1244: 0.004284885711967945
1244: 0.004187107086181641
1245: 0.047354236245155334
1245: 0.05101507157087326
1246: 0.004027147311717272
1246: 0.03749272972345352
1247: 0.003982107155025005
1247: 0.004021195229142904
1248: 0.004266432952135801
1248: 0.004363889340311289
1249: 0.008018266409635544
1249: 0.03215327486395836
1250: 0.014058992266654968
1250: 0.011452211998403072
1251: 0.01273494865745306
1251: 0.0193640049546957
1252: 0.0055020954459905624
1252: 0.021606983616948128
1253: 0.0044094594195485115
1253: 0.0062911659479141235
1254: 0.005551322363317013
1254: 0.005406452342867851
1255: 0.005616103298962116
1255: 0.005137361586093903
1256: 0.005833410657942295
1256: 0.005735590122640133
1257: 0.005600562319159508
1257: 0.006735619623214006
1258: 0.007470607757568359
1258: 0.005229847971349955
1259: 0.005452513694763184
1259: 0.01536959782242775
1260: 0.029183927923440933
1260: 0.008168376982212067
1261: 0.005315173417329788
1261: 0.004351423121988773
1262: 0.0044353678822517395
1262: 0.004293042700737715
1263: 0.05244126915931702
1263: 0.004379638470709324
1264: 0.004101921804249287
1264: 0.013087749481201172
1265: 0.004338000901043415
1265: 0.00433944258838892
1266: 0.009720928966999054
1266: 0.004309441428631544
1267: 0.004933980293571949
1267: 0.004220029339194298
1268: 0.004074824973940849
1268: 0.07619985938072205
1269: 0.0041344305500388145
1269: 0.006421438418328762
1270: 0.00410128477960825
1270: 0.010209683328866959
1271: 0.01577899605035782
1271: 0.004179645795375109
1272: 0.008189556188881397
1272: 0.01758420467376709
1273: 0.0040639713406562805
1273: 0.004007670562714338
1274: 0.004794262815266848
1274: 0.026639215648174286
1275: 0.004202072508633137
1275: 0.004079041071236134
1276: 0.006479094736278057
1276: 0.004147620406001806
1277: 0.019334789365530014
1277: 0.006380345672369003
1278: 0.004232733976095915
1278: 0.028911825269460678
1279: 0.006303972564637661
1279: 0.003978084307163954
1280: 0.00953416246920824
1280: 0.008139113895595074
1281: 0.004003874026238918
1281: 0.003906312398612499
1282: 0.004397125914692879
1282: 0.004533178173005581
1283: 0.004474196117371321
1283: 0.008441740646958351
1284: 0.004269765689969063
1284: 0.004084005020558834
1285: 0.004011659882962704
1285: 0.0038244626484811306
1286: 0.004118662793189287
1286: 0.010017720982432365
1287: 0.004532856401056051
1287: 0.00894835963845253
1288: 0.004201067611575127
1288: 0.0050474535673856735
1289: 0.004397710785269737
1289: 0.10118091106414795
1290: 0.004192322492599487
1290: 0.05921924114227295
1291: 0.004299451597034931
1291: 0.004527564626187086
1292: 0.00389186036773026
1292: 0.009904438629746437
1293: 0.0043326085433363914
1293: 0.02637261338531971
1294: 0.004036857280880213
1294: 0.004177280701696873
1295: 0.006838520057499409
1295: 0.00414063036441803
1296: 0.0041967579163610935
1296: 0.0053301709704101086
1297: 0.005855879746377468
1297: 0.009612737223505974
1298: 0.0051130978390574455
1298: 0.9299314618110657
1299: 0.005397194996476173
1299: 0.004221529699862003
1300: 0.004106192383915186
1300: 0.004039356485009193
1301: 0.09727971255779266
1301: 0.008380488492548466
1302: 0.07821245491504669
1302: 0.007784608751535416
1303: 0.006807385012507439
1303: 0.011446432210505009
1304: 0.004227613098919392
1304: 0.00527490209788084
1305: 0.009367275983095169
1305: 0.0038910985458642244
1306: 0.014904946088790894
1306: 0.004386232700198889
1307: 0.004087896551936865
1307: 0.004238308407366276
1308: 0.003891980042681098
1308: 0.004032168537378311
1309: 0.018254248425364494
1309: 0.005637271795421839
1310: 0.4228975176811218
1310: 0.004150827415287495
1311: 0.004269151017069817
1311: 0.003971394617110491
1312: 0.005040128715336323
1312: 0.004100295249372721
1313: 0.16659140586853027
1313: 0.008523426949977875
1314: 0.005033664405345917
1314: 0.0047426288947463036
1315: 0.005046161822974682
1315: 0.00653665978461504
1316: 0.00498198252171278
1316: 0.0071156565099954605
1317: 0.009555252268910408
1317: 0.004944239277392626
1318: 0.00488460436463356
1318: 0.004416809417307377
1319: 0.004010279197245836
1319: 0.004357863217592239
1320: 0.0039521679282188416
1320: 0.003939466550946236
1321: 0.003926552832126617
1321: 0.0045547932386398315
1322: 0.008998844772577286
1322: 0.020356103777885437
1323: 0.0038800265174359083
1323: 0.029902949929237366
1324: 0.0042905667796730995
1324: 0.0040395259857177734
1325: 0.004570685792714357
1325: 0.004290100187063217
1326: 0.005326167680323124
1326: 0.004814257845282555
1327: 0.004235903732478619
1327: 0.007725848350673914
1328: 0.004118915647268295
1328: 0.007239370606839657
1329: 0.09008379280567169
1329: 0.003893523942679167
1330: 0.014042824506759644
1330: 1.0665662288665771
1331: 0.005555592942982912
1331: 0.0038423326332122087
1332: 0.0046434588730335236
1332: 0.004224537871778011
1333: 0.004186294507235289
1333: 0.004155651666224003
1334: 0.0040826089680194855
1334: 0.003777377074584365
1335: 0.0035187378525733948
1335: 0.004055118188261986
1336: 0.004089763388037682
1336: 0.003806580789387226
1337: 0.003846546169370413
1337: 0.062403079122304916
1338: 0.0037993621081113815
1338: 0.0039021745324134827
1339: 0.004177155438810587
1339: 0.01202041283249855
1340: 0.004551782738417387
1340: 0.0038358382880687714
1341: 0.04814232513308525
1341: 0.003793494775891304
1342: 0.006783932447433472
1342: 0.05174102634191513
1343: 0.007294659502804279
1343: 0.0037781621795147657
1344: 0.005194578319787979
1344: 0.0037807258777320385
1345: 0.0036232024431228638
1345: 0.0036015124060213566
1346: 0.004091396927833557
1346: 0.003878908697515726
1347: 0.003612810280174017
1347: 0.009403128176927567
1348: 0.003688271390274167
1348: 0.0038569592870771885
1349: 0.0036866064183413982
1349: 0.008891131728887558
1350: 0.010902267880737782
1350: 0.004022630397230387
1351: 0.003760382067412138
1351: 0.0036354619078338146
1352: 0.003928713500499725
1352: 0.0035726106725633144
1353: 0.006851101294159889
1353: 0.010816238820552826
1354: 0.0035338010638952255
1354: 0.005759700201451778
1355: 0.12877045571804047
1355: 0.008481675758957863
1356: 0.003641359508037567
1356: 0.0036439928226172924
1357: 0.04242370277643204
1357: 0.0039751664735376835
1358: 0.013089275918900967
1358: 0.16101032495498657
1359: 0.008873086422681808
1359: 0.003786154557019472
1360: 0.014549750834703445
1360: 0.0037045935168862343
1361: 0.01206669770181179
1361: 0.013359853066504002
1362: 0.003813472343608737
1362: 0.005044616758823395
1363: 0.0036754680331796408
1363: 0.004034900106489658
1364: 0.004053528420627117
1364: 0.0036885300651192665
1365: 0.0054086958989501
1365: 0.003786153858527541
1366: 0.007795479614287615
1366: 0.00612558051943779
1367: 0.003970189485698938
1367: 0.048193082213401794
1368: 0.0037339029368013144
1368: 0.007091712672263384
1369: 0.004851489327847958
1369: 0.012486737221479416
1370: 0.006718248128890991
1370: 0.003983313217759132
1371: 0.00369236059486866
1371: 0.003844927065074444
1372: 0.004298544954508543
1372: 0.037932682782411575
1373: 0.004550965502858162
1373: 0.0036850450560450554
1374: 0.007593018002808094
1374: 0.003845907049253583
1375: 0.005912821274250746
1375: 0.010879958979785442
1376: 0.007828019559383392
1376: 0.007151467725634575
1377: 0.004702648147940636
1377: 0.004840364214032888
1378: 0.00416885782033205
1378: 0.0144713269546628
1379: 0.0037289916072040796
1379: 0.004038235172629356
1380: 0.004812339786440134
1380: 0.003703328315168619
1381: 0.0042872740887105465
1381: 0.008957095444202423
1382: 0.006600127089768648
1382: 0.007309776730835438
1383: 0.007704766467213631
1383: 0.003845794592052698
1384: 0.0036803497932851315
1384: 0.0058088889345526695
1385: 0.02788083627820015
1385: 0.003882759250700474
1386: 0.210778146982193
1386: 0.0037977593019604683
1387: 0.01125494483858347
1387: 0.008442245423793793
1388: 0.003796071046963334
1388: 0.005334809888154268
1389: 0.0035725748166441917
1389: 0.011634071357548237
1390: 0.003600883297622204
1390: 0.003626517951488495
1391: 0.02474614605307579
1391: 0.004292552825063467
1392: 0.03611291944980621
1392: 0.007348485756665468
1393: 0.003978460095822811
1393: 0.003717539831995964
1394: 0.007455544546246529
1394: 0.009523401036858559
1395: 0.004245312884449959
1395: 0.003413873491808772
1396: 0.008570069447159767
1396: 0.004872079938650131
1397: 0.006364702247083187
1397: 0.006814900320023298
1398: 0.004041751846671104
1398: 0.003852495923638344
1399: 0.003918898291885853
1399: 0.003817589022219181
1400: 0.018738839775323868
1400: 0.003808456240221858
1401: 0.004024219699203968
1401: 0.003937126602977514
1402: 0.0035067982971668243
1402: 0.0033659902401268482
1403: 0.006036543287336826
1403: 0.0033893859945237637
1404: 0.0038064727559685707
1404: 0.01322099193930626
1405: 0.013342846184968948
1405: 0.006625811569392681
1406: 0.009082114323973656
1406: 0.003554321825504303
1407: 0.003672871273010969
1407: 0.003566289320588112
1408: 0.00333278626203537
1408: 0.005973051302134991
1409: 0.0034720159601420164
1409: 0.003424401395022869
1410: 0.0034275450743734837
1410: 0.0038980417884886265
1411: 0.08382989466190338
1411: 0.17814357578754425
1412: 0.004616617690771818
1412: 0.00390694011002779
1413: 0.009034670889377594
1413: 0.0037873024120926857
1414: 0.004670341499149799
1414: 0.011822919361293316
1415: 0.0038793040439486504
1415: 0.06053616479039192
1416: 0.005899359472095966
1416: 0.010104137472808361
1417: 0.003469255520030856
1417: 0.004751387983560562
1418: 0.0038019807543605566
1418: 0.003879002295434475
1419: 0.4820979833602905
1419: 0.0036569044459611177
1420: 0.004300170578062534
1420: 0.019136693328619003
1421: 0.012936316430568695
1421: 0.004587362986057997
1422: 0.004383751191198826
1422: 0.0043348209001123905
1423: 0.004447574261575937
1423: 0.0040450505912303925
1424: 0.004305703099817038
1424: 0.3244423270225525
1425: 0.004227353725582361
1425: 0.003963485360145569
1426: 0.004179639741778374
1426: 0.0038846798706799746
1427: 0.0066085197031497955
1427: 0.0038335632998496294
1428: 0.00428442656993866
1428: 0.004261441994458437
1429: 0.007083989679813385
1429: 0.008133217692375183
1430: 0.004270002245903015
1430: 0.004556075669825077
1431: 0.0036114470567554235
1431: 0.1803181916475296
1432: 0.004083744715899229
1432: 0.07477342337369919
1433: 0.0049155582673847675
1433: 0.004320160020142794
1434: 0.004602460190653801
1434: 0.0329885296523571
1435: 0.0049076927825808525
1435: 0.004981706850230694
1436: 0.004574713297188282
1436: 0.007838698104023933
1437: 0.005004884675145149
1437: 0.004798452835530043
1438: 0.004242760129272938
1438: 0.030811617150902748
1439: 0.005176526494324207
1439: 0.013293356634676456
1440: 0.004014431498944759
1440: 0.004550376906991005
1441: 0.003974746912717819
1441: 0.003646107856184244
1442: 0.0036457108799368143
1442: 0.003825732273980975
1443: 0.004331257659941912
1443: 0.00387434009462595
1444: 0.014142673462629318
1444: 0.11756043136119843
1445: 0.09351371228694916
1445: 0.010928583331406116
1446: 0.0037182436790317297
1446: 0.003725373884662986
1447: 0.04870019108057022
1447: 0.004079647362232208
1448: 0.00553592573851347
1448: 0.004198368638753891
1449: 0.008724055252969265
1449: 0.004613318480551243
1450: 0.0048023248091340065
1450: 0.006533247418701649
1451: 0.03595101833343506
1451: 0.004752807784825563
1452: 0.004419820848852396
1452: 0.025395339354872704
1453: 0.004971133545041084
1453: 0.01003527082502842
1454: 0.004042020067572594
1454: 0.005596489645540714
1455: 0.004217576235532761
1455: 0.017710033804178238
1456: 0.6682509183883667
1456: 0.00415315805003047
1457: 0.00923085119575262
1457: 0.007357749156653881
1458: 0.0039027256425470114
1458: 0.07273028790950775
1459: 0.006219147704541683
1459: 0.003978310618549585
1460: 0.01568726636469364
1460: 0.01384546048939228
1461: 0.0038495094049721956
1461: 0.0038271783851087093
1462: 0.004120802041143179
1462: 0.00376988691277802
1463: 0.0068065812811255455
1463: 0.0038153408095240593
1464: 0.015409423969686031
1464: 0.003953523468226194
1465: 0.028012715280056
1465: 0.025955727323889732
1466: 0.0036299845669418573
1466: 0.014919825829565525
1467: 0.005199437495321035
1467: 0.011141855269670486
1468: 0.004885710775852203
1468: 0.0036714915186166763
1469: 0.0036497744731605053
1469: 0.0037523419596254826
1470: 0.004938819445669651
1470: 0.009249253198504448
1471: 0.010226554237306118
1471: 0.0037935401778668165
1472: 0.0037232516333460808
1472: 0.0033893752843141556
1473: 0.003954974468797445
1473: 0.008316278457641602
1474: 0.0036768571007996798
1474: 0.01544190663844347
1475: 0.0037027958314865828
1475: 0.0035492258612066507
1476: 0.003636833280324936
1476: 0.004122317768633366
1477: 0.008671462535858154
1477: 0.0183124803006649
1478: 0.029269156977534294
1478: 0.0037565198726952076
1479: 0.004186301492154598
1479: 0.004522917792201042
1480: 0.0042070685885846615
1480: 0.003530754242092371
1481: 0.003718520049005747
1481: 0.0035817387979477644
1482: 0.004289236385375261
1482: 0.003516491036862135
1483: 0.003574769012629986
1483: 0.0036709506530314684
1484: 0.009592296555638313
1484: 0.0045499070547521114
1485: 0.008848746307194233
1485: 0.0037169039715081453
1486: 0.003382556140422821
1486: 0.0035039870999753475
1487: 0.0036285638343542814
1487: 0.005302407778799534
1488: 0.004257891792804003
1488: 0.01386105827987194
1489: 0.003410461824387312
1489: 0.0033437036909163
1490: 0.007764474023133516
1490: 0.0036472007632255554
1491: 0.014552292414009571
1491: 0.00441159401088953
1492: 0.004435869865119457
1492: 0.003828831948339939
1493: 0.0037706608418375254
1493: 0.01438827533274889
1494: 0.006101709790527821
1494: 0.003937142435461283
1495: 0.003875692142173648
1495: 0.003906758967787027
1496: 0.004012933932244778
1496: 0.0038233939558267593
1497: 0.003723207861185074
1497: 0.0036448962055146694
1498: 0.003510624635964632
1498: 0.0033342030365020037
1499: 0.003518491517752409
1499: 0.009115738794207573
1500: 0.0031568617559969425
1500: 0.0035032944288104773
1501: 0.005011941306293011
1501: 0.003290456021204591
1502: 0.03223787248134613
1502: 0.0030802800320088863
1503: 0.0033303506206721067
1503: 0.0032765264622867107
1504: 0.03891514986753464
1504: 0.012663248926401138
1505: 0.003208919893950224
1505: 0.003249676898121834
1506: 0.0033925045281648636
1506: 0.003464860375970602
1507: 0.003016973379999399
1507: 0.011869357898831367
1508: 0.00306491507217288
1508: 0.003286262508481741
1509: 0.008685865439474583
1509: 0.0033478401601314545
1510: 0.0032326476648449898
1510: 0.0730399489402771
1511: 0.03011871501803398
1511: 0.010492026805877686
1512: 0.00315839983522892
1512: 0.0033220681361854076
1513: 0.004259963519871235
1513: 0.004794393666088581
1514: 0.006041090935468674
1514: 0.003300825832411647
1515: 0.003208748996257782
1515: 0.007847012020647526
1516: 0.03508155047893524
1516: 0.003791882423684001
1517: 0.003325856989249587
1517: 0.003753852564841509
1518: 0.0033257994800806046
1518: 0.003523062216117978
1519: 0.017489418387413025
1519: 0.003403476672247052
1520: 0.003419327549636364
1520: 0.003329749219119549
1521: 0.003317296039313078
1521: 0.003841351019218564
1522: 0.0033186262007802725
1522: 0.0031201092060655355
1523: 0.0031084446236491203
1523: 0.0156993567943573
1524: 0.011298727244138718
1524: 0.003210966009646654
1525: 0.0029816939495503902
1525: 0.003136022947728634
1526: 0.003105458104982972
1526: 0.003063295967876911
1527: 0.0033292239531874657
1527: 0.0038296026177704334
1528: 0.003132943995296955
1528: 0.00615709088742733
1529: 0.014296511188149452
1529: 0.00690841767936945
1530: 0.0030618312302976847
1530: 0.017632482573390007
1531: 0.006714970339089632
1531: 0.005187822971493006
1532: 0.0034656242933124304
1532: 0.0032904320396482944
1533: 0.016429202631115913
1533: 0.0036714777816087008
1534: 0.021797480061650276
1534: 0.0037575960159301758
1535: 0.004127247259020805
1535: 0.006219510920345783
1536: 0.0035634187515825033
1536: 0.005707345902919769
1537: 0.006739302538335323
1537: 0.0036573773249983788
1538: 0.0047803474590182304
1538: 0.006194880232214928
1539: 0.007958373054862022
1539: 0.0034413000103086233
1540: 0.00679297000169754
1540: 0.016159798949956894
1541: 0.0038182989228516817
1541: 0.36100947856903076
1542: 0.003947903402149677
1542: 0.00305747683160007
1543: 0.0048276507295668125
1543: 0.003559750970453024
1544: 0.006269179750233889
1544: 0.0037223431281745434
1545: 0.006468108855187893
1545: 0.003481948282569647
1546: 0.0034766248427331448
1546: 0.0034492001868784428
1547: 0.009701604023575783
1547: 0.0034289266914129257
1548: 0.0033627855591475964
1548: 0.0036156182177364826
1549: 0.003307204693555832
1549: 0.40354540944099426
1550: 0.03481694310903549
1550: 0.010224557481706142
1551: 0.007327560801059008
1551: 0.00343560753390193
1552: 0.003531587775796652
1552: 0.03584985062479973
1553: 0.008528596721589565
1553: 0.005599292926490307
1554: 0.011918900534510612
1554: 0.004232603125274181
1555: 0.0038275979459285736
1555: 0.004975690972059965
1556: 0.003568503074347973
1556: 0.0038232419174164534
1557: 0.006224550306797028
1557: 0.0038432739675045013
1558: 0.02307875268161297
1558: 0.0035139797255396843
1559: 0.005574054084718227
1559: 0.0035328445956110954
1560: 0.020068109035491943
1560: 0.01180617231875658
1561: 0.003358196932822466
1561: 0.011743925511837006
1562: 0.003186875954270363
1562: 0.0032950961031019688
1563: 0.025340097025036812
1563: 0.005706551484763622
1564: 0.0163788553327322
1564: 0.0031543737277388573
1565: 0.003400602377951145
1565: 0.010093895718455315
1566: 0.003508983412757516
1566: 0.0032929331064224243
1567: 0.0044675846584141254
1567: 0.0032408551778644323
1568: 0.003288955893367529
1568: 0.4625329375267029
1569: 0.008934641256928444
1569: 0.007286240346729755
1570: 0.004587958566844463
1570: 0.004127591848373413
1571: 0.009437788277864456
1571: 0.009140143170952797
1572: 0.004109100438654423
1572: 0.0042637428268790245
1573: 0.1120944395661354
1573: 0.0065370602533221245
1574: 0.0038017812184989452
1574: 0.004053141921758652
1575: 0.005006002262234688
1575: 0.005120889749377966
1576: 0.0053589120507240295
1576: 0.059789758175611496
1577: 0.004865068010985851
1577: 0.5327970385551453
1578: 0.013093950226902962
1578: 0.0057830046862363815
1579: 0.004927417263388634
1579: 0.019798021763563156
1580: 0.004031835123896599
1580: 0.006800041534006596
1581: 0.01968466490507126
1581: 0.0045315963216125965
1582: 0.004307526629418135
1582: 0.0037845917977392673
1583: 0.010637670755386353
1583: 0.10939060151576996
1584: 0.004500619135797024
1584: 0.004663513042032719
1585: 0.00813613086938858
1585: 0.00437626289203763
1586: 0.0035161233972758055
1586: 0.013924585655331612
1587: 0.0034456837456673384
1587: 0.0087698083370924
1588: 0.00466739758849144
1588: 0.0037431863602250814
1589: 0.004412293434143066
1589: 0.005207279231399298
1590: 0.0036996067501604557
1590: 0.004113560542464256
1591: 0.003807932138442993
1591: 0.02309991791844368
1592: 0.003364894073456526
1592: 0.010394067503511906
1593: 0.014697600156068802
1593: 0.0033058670815080404
1594: 0.008094124495983124
1594: 0.003957144450396299
1595: 0.05475804954767227
1595: 0.003871502820402384
1596: 0.003980437759310007
1596: 0.007913779467344284
1597: 0.25708475708961487
1597: 0.00962753314524889
1598: 0.023896068334579468
1598: 0.06173402816057205
1599: 0.010882026515901089
1599: 0.0062790000811219215
1600: 0.008123129606246948
1600: 0.004661585669964552
1601: 0.004077017307281494
1601: 0.003986184485256672
1602: 0.0038493042811751366
1602: 0.0037034829147160053
1603: 0.022521154955029488
1603: 0.004004709888249636
1604: 0.0038268498610705137
1604: 0.004166901111602783
1605: 0.0043258750811219215
1605: 0.0041162995621562
1606: 0.0036925342865288258
1606: 0.01658773049712181
1607: 0.0038736704736948013
1607: 0.003482900094240904
1608: 0.015201489441096783
1608: 0.0033097448758780956
1609: 0.0036401108372956514
1609: 0.0032557486556470394
1610: 0.0035454113967716694
1610: 0.05219007283449173
1611: 0.0037256868090480566
1611: 0.003278836142271757
1612: 0.003256696742027998
1612: 0.009617073461413383
1613: 0.1765391081571579
1613: 0.006625542417168617
1614: 0.0034148506820201874
1614: 0.004250528756529093
1615: 0.004021322354674339
1615: 0.0044826725497841835
1616: 0.047855839133262634
1616: 0.012694376520812511
1617: 0.004774759989231825
1617: 0.005847059655934572
1618: 0.007052631117403507
1618: 0.0032558361999690533
1619: 0.006541951559484005
1619: 0.0032663459423929453
1620: 0.0032593002542853355
1620: 0.004679223522543907
1621: 0.007954779081046581
1621: 0.005749155301600695
1622: 0.004486458376049995
1622: 0.0363924615085125
1623: 0.004221460781991482
1623: 0.003929771017283201
1624: 0.009098514914512634
1624: 0.004623368848115206
1625: 0.0030944005120545626
1625: 0.004768789280205965
1626: 0.008843055926263332
1626: 0.004361647181212902
1627: 0.004096806049346924
1627: 0.044378481805324554
1628: 0.005478259176015854
1628: 0.027162905782461166
1629: 0.003267733845859766
1629: 0.003142384346574545
1630: 0.0033638966269791126
1630: 0.003297149669378996
1631: 0.003514890093356371
1631: 0.0031799855642020702
1632: 0.00486636720597744
1632: 0.012418076395988464
1633: 0.010895434767007828
1633: 0.006444715894758701
1634: 0.0033849766477942467
1634: 0.003258551238104701
1635: 0.004797101952135563
1635: 0.007178254891186953
1636: 0.00602657301351428
1636: 0.0034417319111526012
1637: 0.0037605068646371365
1637: 0.003317459486424923
1638: 0.0035464472603052855
1638: 0.0035347766242921352
1639: 0.0032355922739952803
1639: 0.0037954547442495823
1640: 0.0037258362863212824
1640: 0.0032716188579797745
1641: 0.003719564527273178
1641: 0.028059981763362885
1642: 0.009229274466633797
1642: 0.005445603746920824
1643: 0.0032133448403328657
1643: 0.0694807767868042
1644: 0.00606418214738369
1644: 0.0032513027545064688
1645: 0.06998595595359802
1645: 0.0033548730425536633
1646: 0.003845032537356019
1646: 0.0032317060977220535
1647: 0.0038570398464798927
1647: 0.007276138290762901
1648: 0.0030120364390313625
1648: 0.005805300548672676
1649: 0.003383579896762967
1649: 0.017208252102136612
1650: 0.0029957399237900972
1650: 0.009257171303033829
1651: 0.010729956440627575
1651: 0.007781302090734243
1652: 0.0031216340139508247
1652: 0.003223975421860814
1653: 0.006653423421084881
1653: 0.00982503592967987
1654: 0.0034797252155840397
1654: 0.003701235633343458
1655: 0.003293205052614212
1655: 0.0056350696831941605
1656: 0.0035023498348891735
1656: 0.0031058036256581545
1657: 0.0031035433057695627
1657: 0.0031019779853522778
1658: 0.0058837165124714375
1658: 0.006950784474611282
1659: 0.007951151579618454
1659: 0.0033303287345916033
1660: 0.004488373175263405
1660: 0.003100398927927017
1661: 0.004086105618625879
1661: 0.028019137680530548
1662: 0.0031281665433198214
1662: 0.0032393017318099737
1663: 0.010918420739471912
1663: 0.005385600961744785
1664: 0.0032545188441872597
1664: 0.0031825865153223276
1665: 0.003100823611021042
1665: 0.004590374883264303
1666: 0.0037520844489336014
1666: 0.003489332739263773
1667: 0.0030694131273776293
1667: 0.003103592898696661
1668: 0.0029945089481770992
1668: 0.015656445175409317
1669: 0.015995319932699203
1669: 0.0030038729310035706
1670: 0.003600741969421506
1670: 0.00613049790263176
1671: 0.0031379596330225468
1671: 0.007471478544175625
1672: 0.003644851967692375
1672: 0.002938105259090662
1673: 0.002966623054817319
1673: 0.003148420713841915
1674: 0.0030617378652095795
1674: 0.003315294161438942
1675: 0.0032956283539533615
1675: 0.0037587773986160755
1676: 0.004795142449438572
1676: 0.003298952244222164
1677: 0.003856238443404436
1677: 0.003976321779191494
1678: 0.0032279291190207005
1678: 0.017649952322244644
1679: 0.005404907278716564
1679: 0.005873705260455608
1680: 0.004368230700492859
1680: 0.005382652394473553
1681: 0.003204531967639923
1681: 0.005933981854468584
1682: 0.0031427883077412844
1682: 0.010416988283395767
1683: 0.003392612561583519
1683: 0.0031621288508176804
1684: 0.0036804084666073322
1684: 0.003165940521284938
1685: 0.012986482121050358
1685: 0.0033676978200674057
1686: 0.01903805136680603
1686: 0.0048075951635837555
1687: 0.03518303483724594
1687: 0.006714016664773226
1688: 0.0031038764864206314
1688: 0.007330938242375851
1689: 0.00301445834338665
1689: 0.0029265861958265305
1690: 0.0029870234429836273
1690: 0.005589988082647324
1691: 0.0027490127831697464
1691: 0.0028022874612361193
1692: 0.0030316864140331745
1692: 0.06927187740802765
1693: 0.0032360206823796034
1693: 0.008442587219178677
1694: 0.002734260866418481
1694: 0.0026639141142368317
1695: 0.00317525677382946
1695: 0.0035667410120368004
1696: 0.002915044315159321
1696: 0.003111243713647127
1697: 0.0034055854193866253
1697: 0.014664042741060257
1698: 0.003288011299446225
1698: 0.003934349864721298
1699: 0.009087890386581421
1699: 0.002837857697159052
1700: 0.00309575698338449
1700: 0.0032021114602684975
1701: 0.00304598081856966
1701: 0.0031829942017793655
1702: 0.005844901315867901
1702: 0.002968965098261833
1703: 0.0029468624852597713
1703: 0.004957759752869606
1704: 0.002808895194903016
1704: 0.004178515635430813
1705: 0.0027887686155736446
1705: 0.002807538490742445
1706: 0.002753833308815956
1706: 0.0028954213485121727
1707: 0.00288393534719944
1707: 0.0030044522136449814
1708: 0.0028199302032589912
1708: 0.004873595666140318
1709: 0.00296972063370049
1709: 0.002785488497465849
1710: 0.13136252760887146
1710: 0.005514131858944893
1711: 0.004486287012696266
1711: 0.024766577407717705
1712: 0.0038245427422225475
1712: 0.002849891548976302
1713: 0.005780042614787817
1713: 0.7347837686538696
1714: 0.0027568689547479153
1714: 0.0036303435917943716
1715: 0.020388415083289146
1715: 0.16779321432113647
1716: 0.004066881723701954
1716: 0.019111480563879013
1717: 0.003716828767210245
1717: 0.008892416022717953
1718: 0.003782326588407159
1718: 0.003115643747150898
1719: 0.002985160332173109
1719: 0.0031026755459606647
1720: 0.0030205482617020607
1720: 0.0031859776936471462
1721: 0.0029464983381330967
1721: 0.002852919977158308
1722: 0.024971719831228256
1722: 0.013157019391655922
1723: 0.0030255462042987347
1723: 0.012893876060843468
1724: 0.00396097032353282
1724: 0.002894969657063484
1725: 0.0031895721331238747
1725: 0.0027608461678028107
1726: 0.014326007105410099
1726: 0.0029713972471654415
1727: 0.01306911651045084
1727: 0.0028500095941126347
1728: 0.01985125243663788
1728: 0.004666491411626339
1729: 0.050013743340969086
1729: 0.0028412065003067255
1730: 0.0030616135336458683
1730: 0.002943270606920123
1731: 0.0028706034645438194
1731: 0.0063434019684791565
1732: 0.0030165209900587797
1732: 0.003101739566773176
1733: 0.003026710357517004
1733: 0.0029437625780701637
1734: 0.003724267240613699
1734: 0.003148929448798299
1735: 0.010648380033671856
1735: 0.00814091321080923
1736: 0.0032904287800192833
1736: 0.028228551149368286
1737: 0.010890128090977669
1737: 0.0031992346048355103
1738: 0.00555831752717495
1738: 0.022493310272693634
1739: 0.005836727097630501
1739: 0.00552468141540885
1740: 0.004401677288115025
1740: 0.0060314154252409935
1741: 0.0037297906819730997
1741: 0.014510427601635456
1742: 0.0034388697240501642
1742: 0.0034955008886754513
1743: 0.0036016632802784443
1743: 0.0071014296263456345
1744: 0.0034134851302951574
1744: 0.0031334813684225082
1745: 0.014536986127495766
1745: 0.008462104946374893
1746: 0.0035751943942159414
1746: 0.1316392421722412
1747: 0.010187506675720215
1747: 0.0030705949757248163
1748: 0.003059199545532465
1748: 0.0048279305920004845
1749: 0.0029196138493716717
1749: 0.002772992243990302
1750: 0.003141152672469616
1750: 0.002821125090122223
1751: 0.005559482611715794
1751: 0.004194817040115595
1752: 0.0030566055793315172
1752: 0.002886930014938116
1753: 0.06917545944452286
1753: 0.006057702470570803
1754: 0.0027479897253215313
1754: 0.007543236017227173
1755: 0.003061970928683877
1755: 0.0032305223867297173
1756: 0.00331049133092165
1756: 0.0030374189373105764
1757: 0.014176057651638985
1757: 0.010937446728348732
1758: 0.004276843275874853
1758: 0.0034286356531083584
1759: 0.0033272234722971916
1759: 0.006260578520596027
1760: 0.0033123441971838474
1760: 0.009454553946852684
1761: 0.003246407490223646
1761: 0.0033120261505246162
1762: 0.012374475598335266
1762: 0.0041703125461936
1763: 0.004641921725124121
1763: 0.0042525166645646095
1764: 0.004127096384763718
1764: 0.0030850348994135857
1765: 0.005888448096811771
1765: 0.003073526080697775
1766: 0.003192970296368003
1766: 0.002930696588009596
1767: 0.0036993660032749176
1767: 0.006418989971280098
1768: 0.009342101402580738
1768: 0.0029321182519197464
1769: 0.0031319817062467337
1769: 0.002828095806762576
1770: 0.003699266817420721
1770: 0.018491972237825394
1771: 0.01680612750351429
1771: 0.010267851874232292
1772: 0.0030928486958146095
1772: 0.0028961808420717716
1773: 0.0027506148908287287
1773: 0.007772342301905155
1774: 0.005161984823644161
1774: 0.002829852746799588
1775: 0.006353739183396101
1775: 0.002691109897568822
1776: 0.0027573045808821917
1776: 0.002846901770681143
1777: 0.005219879560172558
1777: 0.004422688391059637
1778: 0.003026057733222842
1778: 0.006392900366336107
1779: 0.0028090206906199455
1779: 0.006865757517516613
1780: 0.0045437999069690704
1780: 0.0028524482622742653
1781: 0.06364573538303375
1781: 0.004864098969846964
1782: 0.003116878215223551
1782: 0.0027300482615828514
1783: 0.0026215710677206516
1783: 0.0028828755021095276
1784: 0.003004853380843997
1784: 0.002754615619778633
1785: 0.0028545758686959743
1785: 0.0030905576422810555
1786: 0.04640823230147362
1786: 0.0028785266913473606
1787: 0.03086889162659645
1787: 0.0026052300818264484
1788: 0.005844978149980307
1788: 0.002566372510045767
1789: 0.002769177546724677
1789: 0.01293487660586834
1790: 0.0027357451617717743
1790: 0.005164476111531258
1791: 0.004878964275121689
1791: 0.0027288973797112703
1792: 0.0027942005544900894
1792: 0.0026909145526587963
1793: 0.002907457295805216
1793: 0.002680433914065361
1794: 0.0031284792348742485
1794: 0.012546105310320854
1795: 0.0027394327335059643
1795: 0.0029291552491486073
1796: 0.01797858625650406
1796: 0.002853763522580266
1797: 0.03962315618991852
1797: 0.03812078386545181
1798: 0.006706739775836468
1798: 0.004456578753888607
1799: 0.005503183230757713
1799: 0.0032479444053024054
1800: 0.002770797349512577
1800: 0.0042866989970207214
1801: 0.004749582149088383
1801: 0.0028066053055226803
1802: 0.0032639806158840656
1802: 0.004090259782969952
1803: 0.002814214676618576
1803: 0.003217746503651142
1804: 0.002754820045083761
1804: 0.0028191821184009314
1805: 0.004801405593752861
1805: 0.0030218390747904778
1806: 0.019845029339194298
1806: 0.014305639080703259
1807: 0.01728164404630661
1807: 0.07232663780450821
1808: 0.081082284450531
1808: 0.013699119910597801
1809: 0.0028870226815342903
1809: 0.0027111205272376537
1810: 0.002776902634650469
1810: 0.0026574593503028154
1811: 0.002833049278706312
1811: 0.011109033599495888
1812: 0.003461576998233795
1812: 0.0027877299580723047
1813: 0.00280776247382164
1813: 0.002824970753863454
1814: 0.0030328454449772835
1814: 0.004461030010133982
1815: 0.022178396582603455
1815: 0.008797668851912022
1816: 0.0028106961399316788
1816: 0.009800645522773266
1817: 0.003169173374772072
1817: 0.0031951849814504385
1818: 0.012995577417314053
1818: 0.004527583718299866
1819: 0.014385618269443512
1819: 0.003104322124272585
1820: 0.003824393730610609
1820: 0.00596683518961072
1821: 0.004266966134309769
1821: 0.0035895276814699173
1822: 0.0035791262052953243
1822: 0.0040209172293543816
1823: 0.004447907209396362
1823: 0.002907736226916313
1824: 0.003279841970652342
1824: 0.00286126509308815
1825: 0.0063214413821697235
1825: 0.0028214342892169952
1826: 0.005232358817011118
1826: 0.0031993291340768337
1827: 0.0026950170285999775
1827: 0.0033835223875939846
1828: 0.0084147397428751
1828: 0.002667343011125922
1829: 0.0026342773344367743
1829: 0.07330460846424103
1830: 0.002650368260219693
1830: 0.008280100300908089
1831: 0.003087197430431843
1831: 0.002876520622521639
1832: 0.0032294520642608404
1832: 0.009375948458909988
1833: 0.010901302099227905
1833: 0.002707416657358408
1834: 0.0028365980833768845
1834: 0.0026425349060446024
1835: 0.006212121807038784
1835: 0.0028916806913912296
1836: 0.002635533921420574
1836: 0.0026263180188834667
1837: 0.01421558577567339
1837: 0.0025620826054364443
1838: 0.01208900660276413
1838: 0.003671725280582905
1839: 0.0025980332866311073
1839: 0.0027488558553159237
1840: 0.012187357991933823
1840: 0.009496082551777363
1841: 0.0030135505367070436
1841: 0.004832315258681774
1842: 0.07769517600536346
1842: 0.0029678689315915108
1843: 0.003312286688014865
1843: 0.003068655263632536
1844: 0.0038981265388429165
1844: 0.0036789802834391594
1845: 0.003936814609915018
1845: 0.003930979408323765
1846: 0.0038752653636038303
1846: 0.007862296886742115
1847: 0.025819024071097374
1847: 0.0042490605264902115
1848: 0.006903590634465218
1848: 0.009219138883054256
1849: 0.0031208889558911324
1849: 0.003162642475217581
1850: 0.002835796680301428
1850: 0.0029265054035931826
1851: 0.005931495688855648
1851: 0.002539051230996847
1852: 0.058468401432037354
1852: 0.0027333202306181192
1853: 0.006035279016941786
1853: 0.0029533826746046543
1854: 0.0027919444255530834
1854: 0.011373926885426044
1855: 0.005363742355257273
1855: 0.0027501576114445925
1856: 0.0029445418622344732
1856: 0.0032718961592763662
1857: 0.003130329307168722
1857: 0.0026424380484968424
1858: 0.0032707895152270794
1858: 0.0031006650533527136
1859: 0.003802131861448288
1859: 0.0035430185962468386
1860: 0.002686187857761979
1860: 0.0028768344782292843
1861: 0.012016383931040764
1861: 0.0026838709600269794
1862: 0.0041727339848876
1862: 0.004707101732492447
1863: 0.008464111015200615
1863: 0.0036618709564208984
1864: 0.005832596216350794
1864: 0.002862023189663887
1865: 0.0031993500888347626
1865: 0.009300058707594872
1866: 0.0026682973839342594
1866: 0.00281091732904315
1867: 0.002772727981209755
1867: 0.003201944287866354
1868: 0.005473747383803129
1868: 0.0028635896742343903
1869: 0.00262266187928617
1869: 0.008539603091776371
1870: 0.003928655758500099
1870: 0.005743194371461868
1871: 0.003020468633621931
1871: 0.002772129373624921
1872: 0.015150003135204315
1872: 0.0026230625808238983
1873: 0.008030041120946407
1873: 0.06478944420814514
1874: 0.016120798885822296
1874: 0.00528643187135458
1875: 0.0026531796902418137
1875: 0.0027019274421036243
1876: 0.0035717864520847797
1876: 0.002747610677033663
1877: 0.006402437575161457
1877: 0.006984705571085215
1878: 0.0028425627388060093
1878: 0.008174335584044456
1879: 0.0025088461115956306
1879: 0.025141093879938126
1880: 0.011780785396695137
1880: 0.006484419107437134
1881: 0.0026566246524453163
1881: 0.003003337886184454
1882: 0.005181596614420414
1882: 0.006290419027209282
1883: 0.002937141340225935
1883: 0.003018025541678071
1884: 0.0049669938161969185
1884: 0.002927762921899557
1885: 0.03843330591917038
1885: 0.0033200769685208797
1886: 0.015597141347825527
1886: 0.0038383486680686474
1887: 0.005886448547244072
1887: 0.029704850167036057
1888: 0.014675426296889782
1888: 0.0056475065648555756
1889: 0.013771611265838146
1889: 0.003923560492694378
1890: 0.00317517202347517
1890: 0.009673668071627617
1891: 0.0025534857995808125
1891: 0.0026902183890342712
1892: 0.003146140370517969
1892: 0.05109880119562149
1893: 0.0024432637728750706
1893: 0.015563953667879105
1894: 0.0035020941868424416
1894: 0.019145186990499496
1895: 0.0025687306188046932
1895: 0.002848656615242362
1896: 0.005243907682597637
1896: 0.002657646778970957
1897: 0.009843984618782997
1897: 0.0026356312446296215
1898: 0.004524683579802513
1898: 0.002962884958833456
1899: 0.002639328595250845
1899: 0.018730245530605316
1900: 0.002632192801684141
1900: 0.0026150885969400406
1901: 0.019764117896556854
1901: 0.18872110545635223
1902: 0.0027355626225471497
1902: 0.0026387821417301893
1903: 0.004224683158099651
1903: 0.0026071786414831877
1904: 0.003081896807998419
1904: 0.002810148522257805
1905: 0.005054346285760403
1905: 0.002981085330247879
1906: 0.002702173311263323
1906: 0.040069423615932465
1907: 0.002669342327862978
1907: 0.0025870094541460276
1908: 0.0025499118492007256
1908: 0.0025146384723484516
1909: 0.004243256524205208
1909: 0.07263568788766861
1910: 0.009547211229801178
1910: 0.002793046645820141
1911: 0.0028549947310239077
1911: 0.0042602564208209515
1912: 0.006084502208977938
1912: 0.010295392014086246
1913: 0.003435752587392926
1913: 0.010246768593788147
1914: 0.0035565190482884645
1914: 0.003117784857749939
1915: 0.0033587398938834667
1915: 0.005181625485420227
1916: 0.002892098156735301
1916: 0.006130054593086243
1917: 0.004067546688020229
1917: 0.0031081177294254303
1918: 0.0033599273301661015
1918: 0.0055720922537148
1919: 0.004728810861706734
1919: 0.004370509646832943
1920: 0.003039522562175989
1920: 0.009472612291574478
1921: 0.0027649481780827045
1921: 0.0030199303291738033
1922: 0.004661046899855137
1922: 0.0036005177535116673
1923: 0.11000850796699524
1923: 0.0033137043938040733
1924: 0.003645261749625206
1924: 0.0033725453540682793
1925: 0.003780453000217676
1925: 0.004039728082716465
1926: 0.004367669112980366
1926: 0.04086500406265259
1927: 0.01936880126595497
1927: 0.007348100654780865
1928: 0.004359194077551365
1928: 0.0035970513708889484
1929: 0.005645005032420158
1929: 0.003361535957083106
1930: 0.014050818979740143
1930: 0.002807567361742258
1931: 0.002942770253866911
1931: 0.002885160967707634
1932: 0.004774642642587423
1932: 0.0033945944160223007
1933: 0.012580620124936104
1933: 0.00729723647236824
1934: 0.0035229939967393875
1934: 0.002909058704972267
1935: 0.0029255379922688007
1935: 0.003446852322667837
1936: 0.003190834540873766
1936: 0.0029577529057860374
1937: 0.004350018221884966
1937: 0.003234273288398981
1938: 0.003091488964855671
1938: 0.0029087672010064125
1939: 0.003588856430724263
1939: 0.003061584196984768
1940: 0.0214291550219059
1940: 0.0025502191856503487
1941: 0.04116182029247284
1941: 0.002569454489275813
1942: 0.0023909215815365314
1942: 0.0032271917443722486
1943: 0.007915566675364971
1943: 0.004026087466627359
1944: 0.002747279591858387
1944: 0.002487980294972658
1945: 0.002494258340448141
1945: 0.030542930588126183
1946: 0.0033114724792540073
1946: 0.004365829285234213
1947: 0.006680874153971672
1947: 0.002566524315625429
1948: 0.0035070464946329594
1948: 0.002444016980007291
1949: 0.00689380057156086
1949: 0.002902945503592491
1950: 0.0026883473619818687
1950: 0.045896440744400024
1951: 0.0024701186921447515
1951: 0.002819415181875229
1952: 0.005751573480665684
1952: 0.011244754306972027
1953: 0.0025410428643226624
1953: 0.002671774011105299
1954: 0.028227556496858597
1954: 0.002501195762306452
1955: 0.002517174230888486
1955: 0.0024643447250127792
1956: 0.004011590965092182
1956: 0.005067948251962662
1957: 0.0027619560714811087
1957: 0.09446348249912262
1958: 0.002497904933989048
1958: 0.00237590866163373
1959: 0.005296453833580017
1959: 0.007188230752944946
1960: 0.002743651857599616
1960: 0.003533347509801388
1961: 0.20885832607746124
1961: 0.004082817118614912
1962: 0.009218776598572731
1962: 0.008734386414289474
1963: 0.0028465725481510162
1963: 0.0025495567824691534
1964: 0.0033162294421344995
1964: 0.0033526113256812096
1965: 0.005273913033306599
1965: 0.003116386476904154
1966: 0.009427506476640701
1966: 0.005821071565151215
1967: 0.0075364988297224045
1967: 0.0125663410872221
1968: 0.0025331100914627314
1968: 0.003181120380759239
1969: 0.004190830048173666
1969: 0.0033194853458553553
1970: 0.0024631936103105545
1970: 0.023658256977796555
1971: 0.0025044665671885014
1971: 0.058045536279678345
1972: 0.002393563510850072
1972: 0.03210865333676338
1973: 0.0025068726390600204
1973: 0.00755535252392292
1974: 0.007158985361456871
1974: 0.010921616107225418
1975: 0.002605463145300746
1975: 0.00879642553627491
1976: 0.014552634209394455
1976: 0.0035605765879154205
1977: 0.002656637690961361
1977: 0.01187253836542368
1978: 0.002729677129536867
1978: 0.0026192909572273493
1979: 0.002916871104389429
1979: 0.0033191735856235027
1980: 0.002978621982038021
1980: 0.0844498872756958
1981: 0.01947055757045746
1981: 0.007017803378403187
1982: 0.002930296817794442
1982: 0.07274247705936432
1983: 0.0034088753163814545
1983: 0.012755356729030609
1984: 0.0026917741633951664
1984: 0.0028269770555198193
1985: 0.002728555351495743
1985: 0.0028684756252914667
1986: 0.002561774104833603
1986: 0.0027316345367580652
1987: 0.005914774723351002
1987: 0.0026167859323322773
1988: 0.002856362611055374
1988: 0.006230529863387346
1989: 0.007581260986626148
1989: 0.0025823486503213644
1990: 0.0029300949536263943
1990: 0.0025364779867231846
1991: 0.0025359431747347116
1991: 0.008788812905550003
1992: 0.002655941992998123
1992: 0.002341566141694784
1993: 0.0027540794108062983
1993: 0.0059561943635344505
1994: 0.04780010133981705
1994: 0.002596847712993622
1995: 0.002408855129033327
1995: 0.002591107040643692
1996: 0.0051206666976213455
1996: 0.0024014378432184458
1997: 0.0028559346683323383
1997: 0.0033144720364362
1998: 0.0024669794365763664
1998: 0.007440207060426474
1999: 0.0030687511898577213
1999: 0.013605915009975433
training completed
